"ChapterSection","Phase","PhaseHint","State","OwnerGuid","CoreId","StateName","StateIdHex","SceneFile","OwnerPath","FsmResource","GatePackage","GateFlags","GateFlagGuids","Evidence"
"c01","25","Waiting for: Get Down Car","a65f8f31-2527-4144-aa54-484479a1303c|0|25","a65f8f31-2527-4144-aa54-484479a1303c","0","25","0x4E70B15D","natives/stm/leveldesign/fsm/chapter1/levelfsm_c01.scn.20","/MainFlow/c01_Main_0/c01_MainFlow","natives/stm/leveldesign/fsm/chapter1/c01_mainflow.fsm.16","natives/stm/leveldesign/flag/chapter1/c01_main_50.user.2","c01_Main_GetDown_Car","430f5340-0828-429c-b6be-33b2e2ad8e7e","Asset-linked: scene owner + flat root FSM + scene action UID + gate package + Uvar names; see Markdown for live lookup coverage"
"c01","50","Waiting for: Backdoor Lock","a65f8f31-2527-4144-aa54-484479a1303c|0|50","a65f8f31-2527-4144-aa54-484479a1303c","0","50","0x859AB355","natives/stm/leveldesign/fsm/chapter1/levelfsm_c01.scn.20","/MainFlow/c01_Main_0/c01_MainFlow","natives/stm/leveldesign/fsm/chapter1/c01_mainflow.fsm.16","natives/stm/leveldesign/flag/chapter1/c01_main_100.user.2","c01_Main_BackdoorLock","c3d467ad-5f46-4221-bef4-45238c75b792","Asset-linked: scene owner + flat root FSM + scene action UID + gate package + Uvar names; see Markdown for live lookup coverage"
"c01","100","Waiting for: Fall B1 Floor","a65f8f31-2527-4144-aa54-484479a1303c|0|100","a65f8f31-2527-4144-aa54-484479a1303c","0","100","0x7A732D14","natives/stm/leveldesign/fsm/chapter1/levelfsm_c01.scn.20","/MainFlow/c01_Main_0/c01_MainFlow","natives/stm/leveldesign/fsm/chapter1/c01_mainflow.fsm.16","natives/stm/leveldesign/flag/chapter1/c01_main_200.user.2","c01_Main_FallB1Floor","50bbdc8c-a77f-45ec-a1df-8ed2ada2b263","Asset-linked: scene owner + flat root FSM + scene action UID + gate package + Uvar names; see Markdown for live lookup coverage"
"c01","200","Waiting for: Meet Mia","a65f8f31-2527-4144-aa54-484479a1303c|0|200","a65f8f31-2527-4144-aa54-484479a1303c","0","200","0xF676E366","natives/stm/leveldesign/fsm/chapter1/levelfsm_c01.scn.20","/MainFlow/c01_Main_0/c01_MainFlow","natives/stm/leveldesign/fsm/chapter1/c01_mainflow.fsm.16","natives/stm/leveldesign/flag/chapter1/c01_main_300.user.2","c01_Main_MeetMia","51a56997-2628-4a73-908e-41a1c6f4df7e","Asset-linked: scene owner + flat root FSM + scene action UID + gate package + Uvar names; see Markdown for live lookup coverage"
"c01","300","Waiting for: Enter B1 Safe Room","a65f8f31-2527-4144-aa54-484479a1303c|0|300","a65f8f31-2527-4144-aa54-484479a1303c","0","300","0x9D5011DF","natives/stm/leveldesign/fsm/chapter1/levelfsm_c01.scn.20","/MainFlow/c01_Main_0/c01_MainFlow","natives/stm/leveldesign/fsm/chapter1/c01_mainflow.fsm.16","natives/stm/leveldesign/flag/chapter1/c01_main_400.user.2","c01_Main_EnterB1SafeRoom","9459667e-829a-4cca-abce-cb52186003d3","Asset-linked: scene owner + flat root FSM + scene action UID + gate package + Uvar names; see Markdown for live lookup coverage"
"c01","400","Waiting for: Walk Intonext Room","a65f8f31-2527-4144-aa54-484479a1303c|0|400","a65f8f31-2527-4144-aa54-484479a1303c","0","400","0x3E87CCFA","natives/stm/leveldesign/fsm/chapter1/levelfsm_c01.scn.20","/MainFlow/c01_Main_0/c01_MainFlow","natives/stm/leveldesign/fsm/chapter1/c01_mainflow.fsm.16","natives/stm/leveldesign/flag/chapter1/c01_main_500.user.2","c01_Main_WalkIntonextRoom","a56ecf39-cd07-4016-950d-8ea31b1ac3c7","Asset-linked: scene owner + flat root FSM + scene action UID + gate package + Uvar names; see Markdown for live lookup coverage"
"c01","500","Waiting for: Scream Voice Around Wash Room","a65f8f31-2527-4144-aa54-484479a1303c|0|500","a65f8f31-2527-4144-aa54-484479a1303c","0","500","0x7C45E0CF","natives/stm/leveldesign/fsm/chapter1/levelfsm_c01.scn.20","/MainFlow/c01_Main_0/c01_MainFlow","natives/stm/leveldesign/fsm/chapter1/c01_mainflow.fsm.16","natives/stm/leveldesign/flag/chapter1/c01_main_600.user.2","c01_Main_ScreamVoiceAroundWashRoom","f545848d-66f2-4b1f-bd63-ee10df9e9722","Asset-linked: scene owner + flat root FSM + scene action UID + gate package + Uvar names; see Markdown for live lookup coverage"
"c01","600","Waiting for: First Battle","a65f8f31-2527-4144-aa54-484479a1303c|0|600","a65f8f31-2527-4144-aa54-484479a1303c","0","600","0x1460191A","natives/stm/leveldesign/fsm/chapter1/levelfsm_c01.scn.20","/MainFlow/c01_Main_0/c01_MainFlow","natives/stm/leveldesign/fsm/chapter1/c01_mainflow.fsm.16","natives/stm/leveldesign/flag/chapter1/c01_main_700.user.2","c01_Main_FirstBattle","197760ea-7245-4d32-9d4d-cf72309bd14d","Asset-linked: scene owner + flat root FSM + scene action UID + gate package + Uvar names; see Markdown for live lookup coverage"
"c01","700","Waiting for: Move Outside Bathroom","a65f8f31-2527-4144-aa54-484479a1303c|0|700","a65f8f31-2527-4144-aa54-484479a1303c","0","700","0xB036814E","natives/stm/leveldesign/fsm/chapter1/levelfsm_c01.scn.20","/MainFlow/c01_Main_0/c01_MainFlow","natives/stm/leveldesign/fsm/chapter1/c01_mainflow.fsm.16","natives/stm/leveldesign/flag/chapter1/c01_main_800.user.2","c01_Main_MoveOutsideBathroom","1aa5f552-940f-4615-999f-3a94c058ff7d","Asset-linked: scene owner + flat root FSM + scene action UID + gate package + Uvar names; see Markdown for live lookup coverage"
"c01","800","Waiting for: Second Battle","a65f8f31-2527-4144-aa54-484479a1303c|0|800","a65f8f31-2527-4144-aa54-484479a1303c","0","800","0x73E525EF","natives/stm/leveldesign/fsm/chapter1/levelfsm_c01.scn.20","/MainFlow/c01_Main_0/c01_MainFlow","natives/stm/leveldesign/fsm/chapter1/c01_mainflow.fsm.16","natives/stm/leveldesign/flag/chapter1/c01_main_900.user.2","c01_Main_SecondBattle","10c6c685-bef0-4f50-b1f1-ae13b47d7d6d","Asset-linked: scene owner + flat root FSM + scene action UID + gate package + Uvar names; see Markdown for live lookup coverage"
"c01","900","Waiting for: Telephone Call Transition","a65f8f31-2527-4144-aa54-484479a1303c|0|900","a65f8f31-2527-4144-aa54-484479a1303c","0","900","0xBAEBFFA4","natives/stm/leveldesign/fsm/chapter1/levelfsm_c01.scn.20","/MainFlow/c01_Main_0/c01_MainFlow","natives/stm/leveldesign/fsm/chapter1/c01_mainflow.fsm.16","natives/stm/leveldesign/flag/chapter1/c01_main_1000.user.2","c01_Main_TelephoneCall_Transition","c59676c1-5718-438c-bfb5-49650a9f065d","Asset-linked: scene owner + flat root FSM + scene action UID + gate package + Uvar names; see Markdown for live lookup coverage"
"c01","1000","Waiting for: Fuse Get","a65f8f31-2527-4144-aa54-484479a1303c|0|1000","a65f8f31-2527-4144-aa54-484479a1303c","0","1000","0x7AFC4967","natives/stm/leveldesign/fsm/chapter1/levelfsm_c01.scn.20","/MainFlow/c01_Main_0/c01_MainFlow","natives/stm/leveldesign/fsm/chapter1/c01_mainflow.fsm.16","natives/stm/leveldesign/flag/chapter1/c01_main_1050.user.2","c01_Main_FuseGet","f7486e9b-8924-494c-9738-c26fa3c2e055","Asset-linked: scene owner + flat root FSM + scene action UID + gate package + Uvar names; see Markdown for live lookup coverage"
"c01","1050","Waiting for: Fuse Box01 AIn Fuse","a65f8f31-2527-4144-aa54-484479a1303c|0|1050","a65f8f31-2527-4144-aa54-484479a1303c","0","1050","0x6EA49F23","natives/stm/leveldesign/fsm/chapter1/levelfsm_c01.scn.20","/MainFlow/c01_Main_0/c01_MainFlow","natives/stm/leveldesign/fsm/chapter1/c01_mainflow.fsm.16","natives/stm/leveldesign/flag/chapter1/c01_main_1100.user.2","c01_Main_FuseBox01AInFuse","c2a7b288-cb79-40c3-bea1-b476349ec28b","Asset-linked: scene owner + flat root FSM + scene action UID + gate package + Uvar names; see Markdown for live lookup coverage"
"c01","1100","Waiting for: Third Battle","a65f8f31-2527-4144-aa54-484479a1303c|0|1100","a65f8f31-2527-4144-aa54-484479a1303c","0","1100","0x92B57BC8","natives/stm/leveldesign/fsm/chapter1/levelfsm_c01.scn.20","/MainFlow/c01_Main_0/c01_MainFlow","natives/stm/leveldesign/fsm/chapter1/c01_mainflow.fsm.16","natives/stm/leveldesign/flag/chapter1/c01_main_1200.user.2","c01_Main_ThirdBattle","45a607cf-6911-4160-86a6-d7d2d7f622fc","Asset-linked: scene owner + flat root FSM + scene action UID + gate package + Uvar names; see Markdown for live lookup coverage"
"c01","1200","Waiting for: Last Battle","a65f8f31-2527-4144-aa54-484479a1303c|0|1200","a65f8f31-2527-4144-aa54-484479a1303c","0","1200","0x0CB7CF5A","natives/stm/leveldesign/fsm/chapter1/levelfsm_c01.scn.20","/MainFlow/c01_Main_0/c01_MainFlow","natives/stm/leveldesign/fsm/chapter1/c01_mainflow.fsm.16","natives/stm/leveldesign/flag/chapter1/c01_main_1300.user.2","c01_Main_LastBattle","c88a6f30-f154-482f-83a2-2e8b63c0d8a6","Asset-linked: scene owner + flat root FSM + scene action UID + gate package + Uvar names; see Markdown for live lookup coverage"
"c01","1300","Waiting for: Finish Last Battle","a65f8f31-2527-4144-aa54-484479a1303c|0|1300","a65f8f31-2527-4144-aa54-484479a1303c","0","1300","0x70FAA7CD","natives/stm/leveldesign/fsm/chapter1/levelfsm_c01.scn.20","/MainFlow/c01_Main_0/c01_MainFlow","natives/stm/leveldesign/fsm/chapter1/c01_mainflow.fsm.16","natives/stm/leveldesign/flag/chapter1/c01_main_1400.user.2","c01_Main_FinishLastBattle","20930bf7-d87a-43ec-9bac-75b7838a3d80","Asset-linked: scene owner + flat root FSM + scene action UID + gate package + Uvar names; see Markdown for live lookup coverage"
"c01","1400","Waiting for: End","a65f8f31-2527-4144-aa54-484479a1303c|0|1400","a65f8f31-2527-4144-aa54-484479a1303c","0","1400","0xBE7DEE9E","natives/stm/leveldesign/fsm/chapter1/levelfsm_c01.scn.20","/MainFlow/c01_Main_0/c01_MainFlow","natives/stm/leveldesign/fsm/chapter1/c01_mainflow.fsm.16","natives/stm/leveldesign/flag/chapter1/c01_main_end.user.2","c01_Main_End","1c077e6d-d8ab-4318-9d3c-2452e5aa3399","Asset-linked: scene owner + flat root FSM + scene action UID + gate package + Uvar names; see Markdown for live lookup coverage"
"c03_1","100","Waiting for: LDKLight Change","2efaa57c-6ae1-4810-aeb1-c0d3b1642fd8|0|100","2efaa57c-6ae1-4810-aeb1-c0d3b1642fd8","0","100","0x5121E902","natives/stm/leveldesign/fsm/chapter3/common_c03_1.scn.20","/MainFlow/c03_1_Main_0/c03_1_MainFlow","natives/stm/leveldesign/fsm/chapter3/chapter3_1/c03_1_mainflow.fsm.16","natives/stm/leveldesign/flag/chapter3/chapter3_1/c03_1_main_200.user.2","c03_1_Main_LDKLightChange","69c18efc-12bd-4f8d-b03d-0037c357df55","Asset-linked: scene owner + flat root FSM + scene action UID + gate package + Uvar names; see Markdown for live lookup coverage"
"c03_1","200","Waiting for: Get Floor Door Key","2efaa57c-6ae1-4810-aeb1-c0d3b1642fd8|0|200","2efaa57c-6ae1-4810-aeb1-c0d3b1642fd8","0","200","0xA89D1019","natives/stm/leveldesign/fsm/chapter3/common_c03_1.scn.20","/MainFlow/c03_1_Main_0/c03_1_MainFlow","natives/stm/leveldesign/fsm/chapter3/chapter3_1/c03_1_mainflow.fsm.16","natives/stm/leveldesign/flag/chapter3/chapter3_1/c03_1_main_300.user.2","c03_1_Main_GetFloorDoorKey","024d7582-3a98-4587-9b4f-a4dc47cd2cb4","Asset-linked: scene owner + flat root FSM + scene action UID + gate package + Uvar names; see Markdown for live lookup coverage"
"c03_1","300","Waiting for: Go Down Under Floor","2efaa57c-6ae1-4810-aeb1-c0d3b1642fd8|0|300","2efaa57c-6ae1-4810-aeb1-c0d3b1642fd8","0","300","0x7A7873A7","natives/stm/leveldesign/fsm/chapter3/common_c03_1.scn.20","/MainFlow/c03_1_Main_0/c03_1_MainFlow","natives/stm/leveldesign/fsm/chapter3/chapter3_1/c03_1_mainflow.fsm.16","natives/stm/leveldesign/flag/chapter3/chapter3_1/c03_1_main_400.user.2","c03_1_Main_GoDownUnderFloor","f2095062-1d8f-46f1-a9b3-b1a75b75842c","Asset-linked: scene owner + flat root FSM + scene action UID + gate package + Uvar names; see Markdown for live lookup coverage"
"c03_1","400","Waiting for: Enter Wash Room","2efaa57c-6ae1-4810-aeb1-c0d3b1642fd8|0|400","2efaa57c-6ae1-4810-aeb1-c0d3b1642fd8","0","400","0x82FC64BE","natives/stm/leveldesign/fsm/chapter3/common_c03_1.scn.20","/MainFlow/c03_1_Main_0/c03_1_MainFlow","natives/stm/leveldesign/fsm/chapter3/chapter3_1/c03_1_mainflow.fsm.16","natives/stm/leveldesign/flag/chapter3/chapter3_1/c03_1_main_500.user.2","c03_1_Main_EnterWashRoom","7b6d9613-fcf0-4582-91db-a59ba59895ed","Asset-linked: scene owner + flat root FSM + scene action UID + gate package + Uvar names; see Markdown for live lookup coverage"
"c03_1","500","Waiting for: Interact Hall Door And Hit Trigger","2efaa57c-6ae1-4810-aeb1-c0d3b1642fd8|0|500","2efaa57c-6ae1-4810-aeb1-c0d3b1642fd8","0","500","0x0C0DF73E","natives/stm/leveldesign/fsm/chapter3/common_c03_1.scn.20","/MainFlow/c03_1_Main_0/c03_1_MainFlow","natives/stm/leveldesign/fsm/chapter3/chapter3_1/c03_1_mainflow.fsm.16","natives/stm/leveldesign/flag/chapter3/chapter3_1/c03_1_main_600.user.2","c03_1_Main_InteractHallDoorAndHitTrigger","a3d79f74-d813-4742-8cf5-2c0f6bdc1932","Asset-linked: scene owner + flat root FSM + scene action UID + gate package + Uvar names; see Markdown for live lookup coverage"
"c03_1","600","Waiting for: Policegive Knife","2efaa57c-6ae1-4810-aeb1-c0d3b1642fd8|0|600","2efaa57c-6ae1-4810-aeb1-c0d3b1642fd8","0","600","0xBBAFA5F1","natives/stm/leveldesign/fsm/chapter3/common_c03_1.scn.20","/MainFlow/c03_1_Main_0/c03_1_MainFlow","natives/stm/leveldesign/fsm/chapter3/chapter3_1/c03_1_mainflow.fsm.16","natives/stm/leveldesign/flag/chapter3/chapter3_1/c03_1_main_700.user.2","c03_1_Main_PolicegiveKnife","6b257b54-0c7c-489e-b5f8-75b84df5a318","Asset-linked: scene owner + flat root FSM + scene action UID + gate package + Uvar names; see Markdown for live lookup coverage"
"c03_1","700","Waiting for: Breaker On","2efaa57c-6ae1-4810-aeb1-c0d3b1642fd8|0|700","2efaa57c-6ae1-4810-aeb1-c0d3b1642fd8","0","700","0x3E7FDE05","natives/stm/leveldesign/fsm/chapter3/common_c03_1.scn.20","/MainFlow/c03_1_Main_0/c03_1_MainFlow","natives/stm/leveldesign/fsm/chapter3/chapter3_1/c03_1_mainflow.fsm.16","natives/stm/leveldesign/flag/chapter3/chapter3_1/c03_1_main_800.user.2","c03_1_Main_BreakerOn","ebeadb20-54cd-46c1-a47c-a6972dd6ecfa","Asset-linked: scene owner + flat root FSM + scene action UID + gate package + Uvar names; see Markdown for live lookup coverage"
"c03_1","800","Waiting for: Switch On Garage Shutter","2efaa57c-6ae1-4810-aeb1-c0d3b1642fd8|0|800","2efaa57c-6ae1-4810-aeb1-c0d3b1642fd8","0","800","0xC1BA7B67","natives/stm/leveldesign/fsm/chapter3/common_c03_1.scn.20","/MainFlow/c03_1_Main_0/c03_1_MainFlow","natives/stm/leveldesign/fsm/chapter3/chapter3_1/c03_1_mainflow.fsm.16","natives/stm/leveldesign/flag/chapter3/chapter3_1/c03_1_main_900.user.2","c03_1_Main_SwitchOnGarageShutter","b45d3586-e265-4610-a42c-969b14c2ff9f","Asset-linked: scene owner + flat root FSM + scene action UID + gate package + Uvar names; see Markdown for live lookup coverage"
"c03_1","900","Waiting for: Garage Battle End","2efaa57c-6ae1-4810-aeb1-c0d3b1642fd8|0|900","2efaa57c-6ae1-4810-aeb1-c0d3b1642fd8","0","900","0xDA4FD994","natives/stm/leveldesign/fsm/chapter3/common_c03_1.scn.20","/MainFlow/c03_1_Main_0/c03_1_MainFlow","natives/stm/leveldesign/fsm/chapter3/chapter3_1/c03_1_mainflow.fsm.16","natives/stm/leveldesign/flag/chapter3/chapter3_1/c03_1_main_1000.user.2","c03_1_Main_GarageBattleEnd","22901bdb-1b8d-425f-92c8-73ef6d00f861","Asset-linked: scene owner + flat root FSM + scene action UID + gate package + Uvar names; see Markdown for live lookup coverage"
"c03_1","1000","Waiting for: Jack Crushing Event End","2efaa57c-6ae1-4810-aeb1-c0d3b1642fd8|0|1000","2efaa57c-6ae1-4810-aeb1-c0d3b1642fd8","0","1000","0xCD9E7DA9","natives/stm/leveldesign/fsm/chapter3/common_c03_1.scn.20","/MainFlow/c03_1_Main_0/c03_1_MainFlow","natives/stm/leveldesign/fsm/chapter3/chapter3_1/c03_1_mainflow.fsm.16","natives/stm/leveldesign/flag/chapter3/chapter3_1/c03_1_main_1100.user.2","c03_1_Main_JackCrushingEventEnd","4ea83ccd-8733-4d66-8293-3943075c21a3","Asset-linked: scene owner + flat root FSM + scene action UID + gate package + Uvar names; see Markdown for live lookup coverage"
"c03_1","1100","Waiting for: Main Hall Go Into","2efaa57c-6ae1-4810-aeb1-c0d3b1642fd8|0|1100","2efaa57c-6ae1-4810-aeb1-c0d3b1642fd8","0","1100","0x1D0FBD1E","natives/stm/leveldesign/fsm/chapter3/common_c03_1.scn.20","/MainFlow/c03_1_Main_0/c03_1_MainFlow","natives/stm/leveldesign/fsm/chapter3/chapter3_1/c03_1_mainflow.fsm.16","natives/stm/leveldesign/flag/chapter3/chapter3_1/c03_1_main_end.user.2","c03_1_Main_MainHallGoInto","8d23c6ea-b3f4-4c7c-ac1c-8bc75a8dc3da","Asset-linked: scene owner + flat root FSM + scene action UID + gate package + Uvar names; see Markdown for live lookup coverage"
"c03_2","100","Waiting for: Get Pazzle Object","2505bf32-b0b3-43c8-8805-462d473a43f3|0|100","2505bf32-b0b3-43c8-8805-462d473a43f3","0","100","0x20863EBD","natives/stm/leveldesign/fsm/chapter3/common_c03_2.scn.20","/MainFlow/c03_2_Main_0/c03_2_MainFlow","natives/stm/leveldesign/fsm/chapter3/chapter3_2/c03_2_mainflow.fsm.16","natives/stm/leveldesign/flag/chapter3/chapter3_2/c03_2_main_200.user.2","c03_2_Main_GetPazzleObject","e165ff7a-0829-4edc-8c34-68a01a1ff3b2","Asset-linked: scene owner + flat root FSM + scene action UID + gate package + Uvar names; see Markdown for live lookup coverage"
"c03_2","200","Waiting for: Solve Pazzle","2505bf32-b0b3-43c8-8805-462d473a43f3|0|200","2505bf32-b0b3-43c8-8805-462d473a43f3","0","200","0xCD6FC99E","natives/stm/leveldesign/fsm/chapter3/common_c03_2.scn.20","/MainFlow/c03_2_Main_0/c03_2_MainFlow","natives/stm/leveldesign/fsm/chapter3/chapter3_2/c03_2_mainflow.fsm.16","natives/stm/leveldesign/flag/chapter3/chapter3_2/c03_2_main_400.user.2","c03_2_Main_SolvePazzle","60153105-ece3-4952-8a31-ef7af7665fbe","Asset-linked: scene owner + flat root FSM + scene action UID + gate package + Uvar names; see Markdown for live lookup coverage"
"c03_2","400","Waiting for: Open Tray In Workshop Key","2505bf32-b0b3-43c8-8805-462d473a43f3|0|400","2505bf32-b0b3-43c8-8805-462d473a43f3","0","400","0x3C57B18C","natives/stm/leveldesign/fsm/chapter3/common_c03_2.scn.20","/MainFlow/c03_2_Main_0/c03_2_MainFlow","natives/stm/leveldesign/fsm/chapter3/chapter3_2/c03_2_mainflow.fsm.16","natives/stm/leveldesign/flag/chapter3/chapter3_2/c03_2_main_500.user.2","c03_2_Main_OpenTrayInWorkshopKey","b3096800-d600-4015-b934-63d671b597a9","Asset-linked: scene owner + flat root FSM + scene action UID + gate package + Uvar names; see Markdown for live lookup coverage"
"c03_2","500","Waiting for: Get Crest In Freezer Room","2505bf32-b0b3-43c8-8805-462d473a43f3|0|500","2505bf32-b0b3-43c8-8805-462d473a43f3","0","500","0xBC54A099","natives/stm/leveldesign/fsm/chapter3/common_c03_2.scn.20","/MainFlow/c03_2_Main_0/c03_2_MainFlow","natives/stm/leveldesign/fsm/chapter3/chapter3_2/c03_2_mainflow.fsm.16","natives/stm/leveldesign/flag/chapter3/chapter3_2/c03_2_main_600.user.2","c03_2_Main_GetCrestInFreezerRoom","ed2860cf-2569-4045-96c8-ba01e0fcfed8","Asset-linked: scene owner + flat root FSM + scene action UID + gate package + Uvar names; see Markdown for live lookup coverage"
"c03_2","600","Waiting for: Jack Battle End","2505bf32-b0b3-43c8-8805-462d473a43f3|0|600","2505bf32-b0b3-43c8-8805-462d473a43f3","0","600","0x835E5C53","natives/stm/leveldesign/fsm/chapter3/common_c03_2.scn.20","/MainFlow/c03_2_Main_0/c03_2_MainFlow","natives/stm/leveldesign/fsm/chapter3/chapter3_2/c03_2_mainflow.fsm.16","natives/stm/leveldesign/flag/chapter3/chapter3_2/c03_2_main_700.user.2","c03_2_Main_JackBattleEnd","405f2e67-3749-4410-9dd6-776ce7bcd583","Asset-linked: scene owner + flat root FSM + scene action UID + gate package + Uvar names; see Markdown for live lookup coverage"
"c03_2","700","Waiting for: Fit In All Crest End","2505bf32-b0b3-43c8-8805-462d473a43f3|0|700","2505bf32-b0b3-43c8-8805-462d473a43f3","0","700","0x4B8A1235","natives/stm/leveldesign/fsm/chapter3/common_c03_2.scn.20","/MainFlow/c03_2_Main_0/c03_2_MainFlow","natives/stm/leveldesign/fsm/chapter3/chapter3_2/c03_2_mainflow.fsm.16","natives/stm/leveldesign/flag/chapter3/chapter3_2/c03_2_main_end.user.2","c03_2_Main_FitInAllCrestEnd","b617572c-527c-45df-b508-737225f5310c","Asset-linked: scene owner + flat root FSM + scene action UID + gate package + Uvar names; see Markdown for live lookup coverage"
"c03_3","100","Waiting for: Enter Trailer House","52c9e905-9959-4afb-8533-9ad1c2383de6|0|100","52c9e905-9959-4afb-8533-9ad1c2383de6","0","100","0xC3F0F016","natives/stm/leveldesign/fsm/chapter3/common_c03_3.scn.20","/MainFlow/c03_3_Main_0/c03_3_MainFlow","natives/stm/leveldesign/fsm/chapter3/chapter3_3/c03_3_mainflow.fsm.16","natives/stm/leveldesign/flag/chapter3/chapter3_3/c03_3_main_125.user.2","c03_3_Main_EnterTrailerHouse","16b1ebed-9b42-4339-bba7-692323b431b1","Asset-linked: scene owner + flat root FSM + scene action UID + gate package + Uvar names; see Markdown for live lookup coverage"
"c03_3","125","Waiting for: Hang Up Phone From Zoe","52c9e905-9959-4afb-8533-9ad1c2383de6|0|125","52c9e905-9959-4afb-8533-9ad1c2383de6","0","125","0xC2511A9A","natives/stm/leveldesign/fsm/chapter3/common_c03_3.scn.20","/MainFlow/c03_3_Main_0/c03_3_MainFlow","natives/stm/leveldesign/fsm/chapter3/chapter3_3/c03_3_mainflow.fsm.16","natives/stm/leveldesign/flag/chapter3/chapter3_3/c03_3_main_150.user.2","c03_3_Main_HangUpPhoneFromZoe","c06ab2c4-f95d-46e0-83dc-c0c749102e34","Asset-linked: scene owner + flat root FSM + scene action UID + gate package + Uvar names; see Markdown for live lookup coverage"
"c03_3","150","Waiting for: Enter Mia Captured Room","52c9e905-9959-4afb-8533-9ad1c2383de6|0|150","52c9e905-9959-4afb-8533-9ad1c2383de6","0","150","0x7D4CE55C","natives/stm/leveldesign/fsm/chapter3/common_c03_3.scn.20","/MainFlow/c03_3_Main_0/c03_3_MainFlow","natives/stm/leveldesign/fsm/chapter3/chapter3_3/c03_3_mainflow.fsm.16","natives/stm/leveldesign/flag/chapter3/chapter3_3/c03_3_main_200.user.2","c03_3_Main_EnterMiaCapturedRoom","17e5af29-0cab-4e3c-a78d-71ee87798b6c","Asset-linked: scene owner + flat root FSM + scene action UID + gate package + Uvar names; see Markdown for live lookup coverage"
"c03_3","200","Waiting for: Pass Through Fire Place Again","52c9e905-9959-4afb-8533-9ad1c2383de6|0|200","52c9e905-9959-4afb-8533-9ad1c2383de6","0","200","0x7A9BA755","natives/stm/leveldesign/fsm/chapter3/common_c03_3.scn.20","/MainFlow/c03_3_Main_0/c03_3_MainFlow","natives/stm/leveldesign/fsm/chapter3/chapter3_3/c03_3_mainflow.fsm.16","natives/stm/leveldesign/flag/chapter3/chapter3_3/c03_3_main_300.user.2","c03_3_Main_PassThroughFirePlaceAgain","779d13a7-5296-4a4a-bf04-c92e8930cc90","Asset-linked: scene owner + flat root FSM + scene action UID + gate package + Uvar names; see Markdown for live lookup coverage"
"c03_3","300","Waiting for: Get Crank","52c9e905-9959-4afb-8533-9ad1c2383de6|0|300","52c9e905-9959-4afb-8533-9ad1c2383de6","0","300","0xCFD59B82","natives/stm/leveldesign/fsm/chapter3/common_c03_3.scn.20","/MainFlow/c03_3_Main_0/c03_3_MainFlow","natives/stm/leveldesign/fsm/chapter3/chapter3_3/c03_3_mainflow.fsm.16","natives/stm/leveldesign/flag/chapter3/chapter3_3/c03_3_main_400.user.2","c03_3_Main_GetCrank","e4ef4f89-4d98-4d81-86a0-8ea640eac4dc","Asset-linked: scene owner + flat root FSM + scene action UID + gate package + Uvar names; see Markdown for live lookup coverage"
"c03_3","400","Waiting for: Talisman Key Get","52c9e905-9959-4afb-8533-9ad1c2383de6|0|400","52c9e905-9959-4afb-8533-9ad1c2383de6","0","400","0xC4FAA5E1","natives/stm/leveldesign/fsm/chapter3/common_c03_3.scn.20","/MainFlow/c03_3_Main_0/c03_3_MainFlow","natives/stm/leveldesign/fsm/chapter3/chapter3_3/c03_3_mainflow.fsm.16","natives/stm/leveldesign/flag/chapter3/chapter3_3/c03_3_main_500.user.2","c03_3_Main_TalismanKeyGet","6ed99e11-2047-4236-84a0-6457c7a3b1c9","Asset-linked: scene owner + flat root FSM + scene action UID + gate package + Uvar names; see Markdown for live lookup coverage"
"c03_3","500","Waiting for: Insect Fall Event Line On","52c9e905-9959-4afb-8533-9ad1c2383de6|0|500","52c9e905-9959-4afb-8533-9ad1c2383de6","0","500","0x19384100","natives/stm/leveldesign/fsm/chapter3/common_c03_3.scn.20","/MainFlow/c03_3_Main_0/c03_3_MainFlow","natives/stm/leveldesign/fsm/chapter3/chapter3_3/c03_3_mainflow.fsm.16","natives/stm/leveldesign/flag/chapter3/chapter3_3/c03_3_main_600.user.2","c03_3_Main_InsectFallEventLineOn","c0b76ccc-ceb2-4af0-acd0-0b666210f380","Asset-linked: scene owner + flat root FSM + scene action UID + gate package + Uvar names; see Markdown for live lookup coverage"
"c03_3","600","Waiting for: Insect Fall Battle Finish","52c9e905-9959-4afb-8533-9ad1c2383de6|0|600","52c9e905-9959-4afb-8533-9ad1c2383de6","0","600","0x0A8E3763","natives/stm/leveldesign/fsm/chapter3/common_c03_3.scn.20","/MainFlow/c03_3_Main_0/c03_3_MainFlow","natives/stm/leveldesign/fsm/chapter3/chapter3_3/c03_3_mainflow.fsm.16","natives/stm/leveldesign/flag/chapter3/chapter3_3/c03_3_main_700.user.2","c03_3_Main_InsectFallBattleFinish","965eeafb-d0f3-4f97-8b3a-00b74c941264","Asset-linked: scene owner + flat root FSM + scene action UID + gate package + Uvar names; see Markdown for live lookup coverage"
"c03_3","700","Waiting for: Phone Pick Up Interact Lantern Door","52c9e905-9959-4afb-8533-9ad1c2383de6|0|700","52c9e905-9959-4afb-8533-9ad1c2383de6","0","700","0x1A0B3E03","natives/stm/leveldesign/fsm/chapter3/common_c03_3.scn.20","/MainFlow/c03_3_Main_0/c03_3_MainFlow","natives/stm/leveldesign/fsm/chapter3/chapter3_3/c03_3_mainflow.fsm.16","natives/stm/leveldesign/flag/chapter3/chapter3_3/c03_3_main_800.user.2","c03_3_Main_PhonePickUp_InteractLanternDoor","d68dbec2-220f-4f36-af89-2eb62de71969","Asset-linked: scene owner + flat root FSM + scene action UID + gate package + Uvar names; see Markdown for live lookup coverage"
"c03_3","800","Waiting for: Approaching Insect Hole","52c9e905-9959-4afb-8533-9ad1c2383de6|0|800","52c9e905-9959-4afb-8533-9ad1c2383de6","0","800","0x9B2A01D3","natives/stm/leveldesign/fsm/chapter3/common_c03_3.scn.20","/MainFlow/c03_3_Main_0/c03_3_MainFlow","natives/stm/leveldesign/fsm/chapter3/chapter3_3/c03_3_mainflow.fsm.16","natives/stm/leveldesign/flag/chapter3/chapter3_3/c03_3_main_900.user.2","c03_3_Main_ApproachingInsectHole","25fb24a6-8a8c-48d6-a368-e05002c5b322","Asset-linked: scene owner + flat root FSM + scene action UID + gate package + Uvar names; see Markdown for live lookup coverage"
"c03_3","900","Waiting for: Go Up To Well","52c9e905-9959-4afb-8533-9ad1c2383de6|0|900","52c9e905-9959-4afb-8533-9ad1c2383de6","0","900","0x9480CC9B","natives/stm/leveldesign/fsm/chapter3/common_c03_3.scn.20","/MainFlow/c03_3_Main_0/c03_3_MainFlow","natives/stm/leveldesign/fsm/chapter3/chapter3_3/c03_3_mainflow.fsm.16","natives/stm/leveldesign/flag/chapter3/chapter3_3/c03_3_main_950.user.2","c03_3_Main_GoUpToWell","5eded453-246f-4ce6-880c-2a4bbe8c865b","Asset-linked: scene owner + flat root FSM + scene action UID + gate package + Uvar names; see Markdown for live lookup coverage"
"c03_3","950","Waiting for: Fall Hole Before Long Hand Marguerite Battle","52c9e905-9959-4afb-8533-9ad1c2383de6|0|950","52c9e905-9959-4afb-8533-9ad1c2383de6","0","950","0xFEABF098","natives/stm/leveldesign/fsm/chapter3/common_c03_3.scn.20","/MainFlow/c03_3_Main_0/c03_3_MainFlow","natives/stm/leveldesign/fsm/chapter3/chapter3_3/c03_3_mainflow.fsm.16","natives/stm/leveldesign/flag/chapter3/chapter3_3/c03_3_main_1000.user.2","c03_3_Main_FallHoleBeforeLongHandMargueriteBattle","09ef768c-01b3-4141-b9dc-6a4b2d257347","Asset-linked: scene owner + flat root FSM + scene action UID + gate package + Uvar names; see Markdown for live lookup coverage"
"c03_3","1000","Waiting for: Long Hand Marguerite Battle Finish","52c9e905-9959-4afb-8533-9ad1c2383de6|0|1000","52c9e905-9959-4afb-8533-9ad1c2383de6","0","1000","0xADEAD6A3","natives/stm/leveldesign/fsm/chapter3/common_c03_3.scn.20","/MainFlow/c03_3_Main_0/c03_3_MainFlow","natives/stm/leveldesign/fsm/chapter3/chapter3_3/c03_3_mainflow.fsm.16","natives/stm/leveldesign/flag/chapter3/chapter3_3/c03_3_main_1100.user.2","c03_3_Main_LongHandMargueriteBattleFinish","46563534-a650-40ef-be43-155a02278302","Asset-linked: scene owner + flat root FSM + scene action UID + gate package + Uvar names; see Markdown for live lookup coverage"
"c03_3","1100","Waiting for: Get Lantern","52c9e905-9959-4afb-8533-9ad1c2383de6|0|1100","52c9e905-9959-4afb-8533-9ad1c2383de6","0","1100","0xA70D9274","natives/stm/leveldesign/fsm/chapter3/common_c03_3.scn.20","/MainFlow/c03_3_Main_0/c03_3_MainFlow","natives/stm/leveldesign/fsm/chapter3/chapter3_3/c03_3_mainflow.fsm.16","natives/stm/leveldesign/flag/chapter3/chapter3_3/c03_3_main_1200.user.2","c03_3_Main_GetLantern","acb7e0bd-e123-4a57-8a0b-1bf77087e856","Asset-linked: scene owner + flat root FSM + scene action UID + gate package + Uvar names; see Markdown for live lookup coverage"
"c03_3","1200","Waiting for: Solve Lantern Gimmick","52c9e905-9959-4afb-8533-9ad1c2383de6|0|1200","52c9e905-9959-4afb-8533-9ad1c2383de6","0","1200","0x3ABDA09C","natives/stm/leveldesign/fsm/chapter3/common_c03_3.scn.20","/MainFlow/c03_3_Main_0/c03_3_MainFlow","natives/stm/leveldesign/fsm/chapter3/chapter3_3/c03_3_mainflow.fsm.16","natives/stm/leveldesign/flag/chapter3/chapter3_3/c03_3_main_1300.user.2","c03_3_Main_SolveLanternGimmick","9b1dd2cd-3fea-41da-98cd-ba35bb079873","Asset-linked: scene owner + flat root FSM + scene action UID + gate package + Uvar names; see Markdown for live lookup coverage"
"c03_3","1300","Waiting for: Get Evline Arm","52c9e905-9959-4afb-8533-9ad1c2383de6|0|1300","52c9e905-9959-4afb-8533-9ad1c2383de6","0","1300","0x4D98579D","natives/stm/leveldesign/fsm/chapter3/common_c03_3.scn.20","/MainFlow/c03_3_Main_0/c03_3_MainFlow","natives/stm/leveldesign/fsm/chapter3/chapter3_3/c03_3_mainflow.fsm.16","natives/stm/leveldesign/flag/chapter3/chapter3_3/c03_3_main_1400.user.2","c03_3_Main_GetEvlineArm","e4b4b42e-ecfc-415e-a713-e1a3604af371","Asset-linked: scene owner + flat root FSM + scene action UID + gate package + Uvar names; see Markdown for live lookup coverage"
"c03_3","1400","Waiting for: 3-4 Start","52c9e905-9959-4afb-8533-9ad1c2383de6|0|1400","52c9e905-9959-4afb-8533-9ad1c2383de6","0","1400","0x71B364F9","natives/stm/leveldesign/fsm/chapter3/common_c03_3.scn.20","/MainFlow/c03_3_Main_0/c03_3_MainFlow","natives/stm/leveldesign/fsm/chapter3/chapter3_3/c03_3_mainflow.fsm.16","natives/stm/leveldesign/flag/chapter3/chapter3_3/c03_3_main_end.user.2","c03_4_Main_3-4Start","5ebe635e-3b91-4fcd-be23-2473c63066d9","Asset-linked: scene owner + flat root FSM + scene action UID + gate package + Uvar names; see Markdown for live lookup coverage"
"c03_4","25","Waiting for: Enter Main Hall","bb3ee227-b4a5-44ae-b8ad-23a47f7fdd9f|0|25","bb3ee227-b4a5-44ae-b8ad-23a47f7fdd9f","0","25","0xD91037C5","natives/stm/leveldesign/fsm/chapter3/common_c03_4.scn.20","/MainFlow/c03_4_Main_0/c03_4_MainFlow","natives/stm/leveldesign/fsm/chapter3/chapter3_4/c03_4_mainflow.fsm.16","natives/stm/leveldesign/flag/chapter3/chapter3_4/c03_4_main_40.user.2","c03_4_Main_EnterMainHall","426aa5a2-35d7-4e34-8389-c12f1bd1977c","Asset-linked: scene owner + flat root FSM + scene action UID + gate package + Uvar names; see Markdown for live lookup coverage"
"c03_4","40","Waiting for: Snake Key Get","bb3ee227-b4a5-44ae-b8ad-23a47f7fdd9f|0|40","bb3ee227-b4a5-44ae-b8ad-23a47f7fdd9f","0","40","0x6657A047","natives/stm/leveldesign/fsm/chapter3/common_c03_4.scn.20","/MainFlow/c03_4_Main_0/c03_4_MainFlow","natives/stm/leveldesign/fsm/chapter3/chapter3_4/c03_4_mainflow.fsm.16","natives/stm/leveldesign/flag/chapter3/chapter3_4/c03_4_main_50.user.2","c03_4_Main_SnakeKeyGet","3ceeead9-da86-48c2-89ed-73edeab7fdbf","Asset-linked: scene owner + flat root FSM + scene action UID + gate package + Uvar names; see Markdown for live lookup coverage"
"c03_4","50","Waiting for: Lucas Card Key Get In Loft; Lucas Card Key Get In Work Room","bb3ee227-b4a5-44ae-b8ad-23a47f7fdd9f|0|50","bb3ee227-b4a5-44ae-b8ad-23a47f7fdd9f","0","50","0x3CD1D7C6","natives/stm/leveldesign/fsm/chapter3/common_c03_4.scn.20","/MainFlow/c03_4_Main_0/c03_4_MainFlow","natives/stm/leveldesign/fsm/chapter3/chapter3_4/c03_4_mainflow.fsm.16","natives/stm/leveldesign/flag/chapter3/chapter3_4/c03_4_main_100.user.2","c03_4A_Main_LucasCardKeyGet_InLoft; c03_4B_Main_LucasCardKeyGet_InWorkRoom","b5532ea8-facb-428d-bf61-ea3e66d373dd; b9f9b409-c6b8-4142-9697-c70f24a7c15b","Asset-linked: scene owner + flat root FSM + scene action UID + gate package + Uvar names; see Markdown for live lookup coverage"
"c03_4","100","Waiting for: Event Chair Interact","bb3ee227-b4a5-44ae-b8ad-23a47f7fdd9f|0|100","bb3ee227-b4a5-44ae-b8ad-23a47f7fdd9f","0","100","0xD38E8AD4","natives/stm/leveldesign/fsm/chapter3/common_c03_4.scn.20","/MainFlow/c03_4_Main_0/c03_4_MainFlow","natives/stm/leveldesign/fsm/chapter3/chapter3_4/c03_4_mainflow.fsm.16","natives/stm/leveldesign/flag/chapter3/chapter3_4/c03_4_main_200.user.2","c03_4_Main_EventChairInteract","7af360b0-8a2e-4062-9b68-fab3d1c2811c","Asset-linked: scene owner + flat root FSM + scene action UID + gate package + Uvar names; see Markdown for live lookup coverage"
"c03_4","200","Waiting for: Lucas Message Event End","bb3ee227-b4a5-44ae-b8ad-23a47f7fdd9f|0|200","bb3ee227-b4a5-44ae-b8ad-23a47f7fdd9f","0","200","0x0668F8B4","natives/stm/leveldesign/fsm/chapter3/common_c03_4.scn.20","/MainFlow/c03_4_Main_0/c03_4_MainFlow","natives/stm/leveldesign/fsm/chapter3/chapter3_4/c03_4_mainflow.fsm.16","natives/stm/leveldesign/flag/chapter3/chapter3_4/c03_4_main_300.user.2","c03_4_Main_LucasMessageEventEnd","ac0ad785-77a3-4005-b6cf-12212c267c09","Asset-linked: scene owner + flat root FSM + scene action UID + gate package + Uvar names; see Markdown for live lookup coverage"
"c03_4","300","Waiting for: Ansyou Bangou Interact","bb3ee227-b4a5-44ae-b8ad-23a47f7fdd9f|0|300","bb3ee227-b4a5-44ae-b8ad-23a47f7fdd9f","0","300","0xF1024ABA","natives/stm/leveldesign/fsm/chapter3/common_c03_4.scn.20","/MainFlow/c03_4_Main_0/c03_4_MainFlow","natives/stm/leveldesign/fsm/chapter3/chapter3_4/c03_4_mainflow.fsm.16","natives/stm/leveldesign/flag/chapter3/chapter3_4/c03_4_main_400.user.2","c03_4_Main_AnsyouBangouInteract","fb090a50-7b99-4248-a555-adc4597e0f78","Asset-linked: scene owner + flat root FSM + scene action UID + gate package + Uvar names; see Markdown for live lookup coverage"
"c03_4","400","Waiting for: Lucas Appear Event End","bb3ee227-b4a5-44ae-b8ad-23a47f7fdd9f|0|400","bb3ee227-b4a5-44ae-b8ad-23a47f7fdd9f","0","400","0x7C0B5511","natives/stm/leveldesign/fsm/chapter3/common_c03_4.scn.20","/MainFlow/c03_4_Main_0/c03_4_MainFlow","natives/stm/leveldesign/fsm/chapter3/chapter3_4/c03_4_mainflow.fsm.16","natives/stm/leveldesign/flag/chapter3/chapter3_4/c03_4_main_500.user.2","c03_4_Main_LucasAppearEventEnd","441d03ab-19e9-4e5b-b054-1c033f033730","Asset-linked: scene owner + flat root FSM + scene action UID + gate package + Uvar names; see Markdown for live lookup coverage"
"c03_4","500","Waiting for: Moldead Rush Event Start","bb3ee227-b4a5-44ae-b8ad-23a47f7fdd9f|0|500","bb3ee227-b4a5-44ae-b8ad-23a47f7fdd9f","0","500","0x2052DD86","natives/stm/leveldesign/fsm/chapter3/common_c03_4.scn.20","/MainFlow/c03_4_Main_0/c03_4_MainFlow","natives/stm/leveldesign/fsm/chapter3/chapter3_4/c03_4_mainflow.fsm.16","natives/stm/leveldesign/flag/chapter3/chapter3_4/c03_4_main_600.user.2","c03_4_Main_MoldeadRushEventStart","97ebebd9-44cb-4151-a76b-cf8772fdce27","Asset-linked: scene owner + flat root FSM + scene action UID + gate package + Uvar names; see Markdown for live lookup coverage"
"c03_4","600","Waiting for: Fall Gyuusya1 F","bb3ee227-b4a5-44ae-b8ad-23a47f7fdd9f|0|600","bb3ee227-b4a5-44ae-b8ad-23a47f7fdd9f","0","600","0xADA3F401","natives/stm/leveldesign/fsm/chapter3/common_c03_4.scn.20","/MainFlow/c03_4_Main_0/c03_4_MainFlow","natives/stm/leveldesign/fsm/chapter3/chapter3_4/c03_4_mainflow.fsm.16","natives/stm/leveldesign/flag/chapter3/chapter3_4/c03_4_main_700.user.2","c03_4_Main_FallGyuusya1F","0654561e-c103-4fd3-9ce9-9a1de7ed7074","Asset-linked: scene owner + flat root FSM + scene action UID + gate package + Uvar names; see Markdown for live lookup coverage"
"c03_4","700","Waiting for: Battery Set","bb3ee227-b4a5-44ae-b8ad-23a47f7fdd9f|0|700","bb3ee227-b4a5-44ae-b8ad-23a47f7fdd9f","0","700","0xEDFA5235","natives/stm/leveldesign/fsm/chapter3/common_c03_4.scn.20","/MainFlow/c03_4_Main_0/c03_4_MainFlow","natives/stm/leveldesign/fsm/chapter3/chapter3_4/c03_4_mainflow.fsm.16","natives/stm/leveldesign/flag/chapter3/chapter3_4/c03_4_main_800.user.2","c03_4_Main_BatterySet","2a44afee-cf8a-44dc-b50f-e092af65c12e","Asset-linked: scene owner + flat root FSM + scene action UID + gate package + Uvar names; see Markdown for live lookup coverage"
"c03_4","800","Waiting for: 5sec Wait 5sec","bb3ee227-b4a5-44ae-b8ad-23a47f7fdd9f|0|800","bb3ee227-b4a5-44ae-b8ad-23a47f7fdd9f","0","800","0x702BAE55","natives/stm/leveldesign/fsm/chapter3/common_c03_4.scn.20","/MainFlow/c03_4_Main_0/c03_4_MainFlow","natives/stm/leveldesign/fsm/chapter3/chapter3_4/c03_4_mainflow.fsm.16","natives/stm/leveldesign/flag/chapter3/chapter3_4/c03_4_main_805.user.2","c03_4_Main_5sec_Wait_5sec","73234e13-b2ff-485d-9296-c4b4d697c130","Asset-linked: scene owner + flat root FSM + scene action UID + gate package + Uvar names; see Markdown for live lookup coverage"
"c03_4","805","Waiting for: 13sec Wait 13sec","bb3ee227-b4a5-44ae-b8ad-23a47f7fdd9f|0|805","bb3ee227-b4a5-44ae-b8ad-23a47f7fdd9f","0","805","0x075FBB4B","natives/stm/leveldesign/fsm/chapter3/common_c03_4.scn.20","/MainFlow/c03_4_Main_0/c03_4_MainFlow","natives/stm/leveldesign/fsm/chapter3/chapter3_4/c03_4_mainflow.fsm.16","natives/stm/leveldesign/flag/chapter3/chapter3_4/c03_4_main_810.user.2","c03_4_Main_13sec_Wait_13sec","352f7422-c171-416a-b934-aee16ecaa204","Asset-linked: scene owner + flat root FSM + scene action UID + gate package + Uvar names; see Markdown for live lookup coverage"
"c03_4","810","Waiting for: 10sec Wait 20sec","bb3ee227-b4a5-44ae-b8ad-23a47f7fdd9f|0|810","bb3ee227-b4a5-44ae-b8ad-23a47f7fdd9f","0","810","0x55A09B5B","natives/stm/leveldesign/fsm/chapter3/common_c03_4.scn.20","/MainFlow/c03_4_Main_0/c03_4_MainFlow","natives/stm/leveldesign/fsm/chapter3/chapter3_4/c03_4_mainflow.fsm.16","natives/stm/leveldesign/flag/chapter3/chapter3_4/c03_4_main_815.user.2","c03_4_Main_10sec_Wait_20sec","74e4b0b6-1ceb-403f-87d6-ca1d21d08e2e","Asset-linked: scene owner + flat root FSM + scene action UID + gate package + Uvar names; see Markdown for live lookup coverage"
"c03_4","815","Waiting for: Fat Mold Kill","bb3ee227-b4a5-44ae-b8ad-23a47f7fdd9f|0|815","bb3ee227-b4a5-44ae-b8ad-23a47f7fdd9f","0","815","0x10B01B4E","natives/stm/leveldesign/fsm/chapter3/common_c03_4.scn.20","/MainFlow/c03_4_Main_0/c03_4_MainFlow","natives/stm/leveldesign/fsm/chapter3/chapter3_4/c03_4_mainflow.fsm.16","natives/stm/leveldesign/flag/chapter3/chapter3_4/c03_4_main_835.user.2","c03_4_Main_FatMoldKill","1196b63a-30ba-4a2c-bf9b-d7627a83277c","Asset-linked: scene owner + flat root FSM + scene action UID + gate package + Uvar names; see Markdown for live lookup coverage"
"c03_4","835","Waiting for: 5sec Wait 205sec","bb3ee227-b4a5-44ae-b8ad-23a47f7fdd9f|0|835","bb3ee227-b4a5-44ae-b8ad-23a47f7fdd9f","0","835","0x1EC1AC88","natives/stm/leveldesign/fsm/chapter3/common_c03_4.scn.20","/MainFlow/c03_4_Main_0/c03_4_MainFlow","natives/stm/leveldesign/fsm/chapter3/chapter3_4/c03_4_mainflow.fsm.16","natives/stm/leveldesign/flag/chapter3/chapter3_4/c03_4_main_900.user.2","c03_4_Main_5sec_Wait_205sec","844a22bd-e45a-4606-b1e3-a439c9120a21","Asset-linked: scene owner + flat root FSM + scene action UID + gate package + Uvar names; see Markdown for live lookup coverage"
"c03_4","900","Waiting for: Electric Stairs Down","bb3ee227-b4a5-44ae-b8ad-23a47f7fdd9f|0|900","bb3ee227-b4a5-44ae-b8ad-23a47f7fdd9f","0","900","0x2ADA3559","natives/stm/leveldesign/fsm/chapter3/common_c03_4.scn.20","/MainFlow/c03_4_Main_0/c03_4_MainFlow","natives/stm/leveldesign/fsm/chapter3/chapter3_4/c03_4_mainflow.fsm.16","natives/stm/leveldesign/flag/chapter3/chapter3_4/c03_4_main_1000.user.2","c03_4_Main_ElectricStairsDown","cbb3bfb5-0af7-4718-9560-d32377e37c04","Asset-linked: scene owner + flat root FSM + scene action UID + gate package + Uvar names; see Markdown for live lookup coverage"
"c03_4","1000","Waiting for: Lucas Event Start","bb3ee227-b4a5-44ae-b8ad-23a47f7fdd9f|0|1000","bb3ee227-b4a5-44ae-b8ad-23a47f7fdd9f","0","1000","0xDD8FE67E","natives/stm/leveldesign/fsm/chapter3/common_c03_4.scn.20","/MainFlow/c03_4_Main_0/c03_4_MainFlow","natives/stm/leveldesign/fsm/chapter3/chapter3_4/c03_4_mainflow.fsm.16","natives/stm/leveldesign/flag/chapter3/chapter3_4/c03_4_main_1020.user.2","c03_4_Main_LucasEventStart","503e8e3e-b014-4c84-bf35-8b963e5a51e1","Asset-linked: scene owner + flat root FSM + scene action UID + gate package + Uvar names; see Markdown for live lookup coverage"
"c03_4","1020","Waiting for: Pazzle Room Candle On","bb3ee227-b4a5-44ae-b8ad-23a47f7fdd9f|0|1020","bb3ee227-b4a5-44ae-b8ad-23a47f7fdd9f","0","1020","0x7331F616","natives/stm/leveldesign/fsm/chapter3/common_c03_4.scn.20","/MainFlow/c03_4_Main_0/c03_4_MainFlow","natives/stm/leveldesign/fsm/chapter3/chapter3_4/c03_4_mainflow.fsm.16","natives/stm/leveldesign/flag/chapter3/chapter3_4/c03_4_main_1030.user.2","c03_4_Main_PazzleRoom_CandleOn","e8f18a82-943a-41dd-977b-f1d729499dee","Asset-linked: scene owner + flat root FSM + scene action UID + gate package + Uvar names; see Markdown for live lookup coverage"
"c03_4","1030","Waiting for: Birth Day Cake Room Enter","bb3ee227-b4a5-44ae-b8ad-23a47f7fdd9f|0|1030","bb3ee227-b4a5-44ae-b8ad-23a47f7fdd9f","0","1030","0x751E4B2D","natives/stm/leveldesign/fsm/chapter3/common_c03_4.scn.20","/MainFlow/c03_4_Main_0/c03_4_MainFlow","natives/stm/leveldesign/fsm/chapter3/chapter3_4/c03_4_mainflow.fsm.16","natives/stm/leveldesign/flag/chapter3/chapter3_4/c03_4_main_1040.user.2","c03_4_Main_BirthDayCakeRoomEnter","2ae7ae0a-73c8-4c66-a2bb-cdbd45252dce","Asset-linked: scene owner + flat root FSM + scene action UID + gate package + Uvar names; see Markdown for live lookup coverage"
"c03_4","1040","Waiting for: Pazzle Room Candle Set Cake","bb3ee227-b4a5-44ae-b8ad-23a47f7fdd9f|0|1040","bb3ee227-b4a5-44ae-b8ad-23a47f7fdd9f","0","1040","0x751E4B2C","natives/stm/leveldesign/fsm/chapter3/common_c03_4.scn.20","/MainFlow/c03_4_Main_0/c03_4_MainFlow","natives/stm/leveldesign/fsm/chapter3/chapter3_4/c03_4_mainflow.fsm.16","natives/stm/leveldesign/flag/chapter3/chapter3_4/c03_4_main_1050.user.2","c03_4_Main_PazzleRoom_CandleSetCake","42eb3e71-9355-4066-a82d-e44d3a4e7580","Asset-linked: scene owner + flat root FSM + scene action UID + gate package + Uvar names; see Markdown for live lookup coverage"
"c03_4","1060","Waiting for: Pazzle Room Clear","bb3ee227-b4a5-44ae-b8ad-23a47f7fdd9f|0|1060","bb3ee227-b4a5-44ae-b8ad-23a47f7fdd9f","0","1060","0xD9AB0427","natives/stm/leveldesign/fsm/chapter3/common_c03_4.scn.20","/MainFlow/c03_4_Main_0/c03_4_MainFlow","natives/stm/leveldesign/fsm/chapter3/chapter3_4/c03_4_mainflow.fsm.16","natives/stm/leveldesign/flag/chapter3/chapter3_4/c03_4_main_1070.user.2","c03_4_Main_PazzleRoom_Clear","ebf16279-dbf6-4fa9-b8fb-5dca41c1b1e5","Asset-linked: scene owner + flat root FSM + scene action UID + gate package + Uvar names; see Markdown for live lookup coverage"
"c03_4","1070","Waiting for: Pazzle Room Burst Cake Event","bb3ee227-b4a5-44ae-b8ad-23a47f7fdd9f|0|1070","bb3ee227-b4a5-44ae-b8ad-23a47f7fdd9f","0","1070","0x751E4B31","natives/stm/leveldesign/fsm/chapter3/common_c03_4.scn.20","/MainFlow/c03_4_Main_0/c03_4_MainFlow","natives/stm/leveldesign/fsm/chapter3/chapter3_4/c03_4_mainflow.fsm.16","natives/stm/leveldesign/flag/chapter3/chapter3_4/c03_4_main_1280.user.2","c03_4_Main_PazzleRoom_BurstCakeEvent","626294f2-dee6-4f24-ad64-32a4f0be260d","Asset-linked: scene owner + flat root FSM + scene action UID + gate package + Uvar names; see Markdown for live lookup coverage"
"c03_4","1250","Waiting for: Pazzle Room Burst Cake Event","bb3ee227-b4a5-44ae-b8ad-23a47f7fdd9f|0|1250","bb3ee227-b4a5-44ae-b8ad-23a47f7fdd9f","0","1250","0xF388412A","natives/stm/leveldesign/fsm/chapter3/common_c03_4.scn.20","/MainFlow/c03_4_Main_0/c03_4_MainFlow","natives/stm/leveldesign/fsm/chapter3/chapter3_4/c03_4_mainflow.fsm.16","natives/stm/leveldesign/flag/chapter3/chapter3_4/c03_4_main_1280.user.2","c03_4_Main_PazzleRoom_BurstCakeEvent","626294f2-dee6-4f24-ad64-32a4f0be260d","Asset-linked: scene owner + flat root FSM + scene action UID + gate package + Uvar names; see Markdown for live lookup coverage"
"c03_4","1280","Waiting for: Cake Bomb Door Open","bb3ee227-b4a5-44ae-b8ad-23a47f7fdd9f|0|1280","bb3ee227-b4a5-44ae-b8ad-23a47f7fdd9f","0","1280","0x48062E0F","natives/stm/leveldesign/fsm/chapter3/common_c03_4.scn.20","/MainFlow/c03_4_Main_0/c03_4_MainFlow","natives/stm/leveldesign/fsm/chapter3/chapter3_4/c03_4_mainflow.fsm.16","natives/stm/leveldesign/flag/chapter3/chapter3_4/c03_4_main_1300.user.2","c03_4_Main_CakeBomb_DoorOpen","4f566806-6f95-49b4-8e4b-ff951ee8fd68","Asset-linked: scene owner + flat root FSM + scene action UID + gate package + Uvar names; see Markdown for live lookup coverage"
"c03_4","1300","Waiting for: Back Yardpass Through","bb3ee227-b4a5-44ae-b8ad-23a47f7fdd9f|0|1300","bb3ee227-b4a5-44ae-b8ad-23a47f7fdd9f","0","1300","0x57A715AC","natives/stm/leveldesign/fsm/chapter3/common_c03_4.scn.20","/MainFlow/c03_4_Main_0/c03_4_MainFlow","natives/stm/leveldesign/fsm/chapter3/chapter3_4/c03_4_mainflow.fsm.16","natives/stm/leveldesign/flag/chapter3/chapter3_4/c03_4_main_end.user.2","c03_4_Main_BackYardpassThrough","8c068ded-d0e7-42d0-8c57-56a0a3f2a1bb","Asset-linked: scene owner + flat root FSM + scene action UID + gate package + Uvar names; see Markdown for live lookup coverage"
"c03_4A","100","Waiting for: Lucas Card Key Get In Loft","82c7248a-cf10-4722-b386-c8c2773df6a2|0|100","82c7248a-cf10-4722-b386-c8c2773df6a2","0","100","0x3FEED100","natives/stm/leveldesign/fsm/chapter3/common_c03_4.scn.20","/MainFlow/c03_4A_Main_0/c03_4A_MainFlow","natives/stm/leveldesign/fsm/chapter3/chapter3_4a/c03_4a_mainflow.fsm.16","natives/stm/leveldesign/flag/chapter3/chapter3_4a/c03_4a_main_200.user.2","c03_4A_Main_LucasCardKeyGet_InLoft","b5532ea8-facb-428d-bf61-ea3e66d373dd","Asset-linked: scene owner + flat root FSM + scene action UID + gate package + Uvar names; see Markdown for live lookup coverage"
"c03_4B","100","Waiting for: Lucas Card Key Get In Work Room","dec88e1a-8676-4af7-bb2f-232e7b764f74|0|100","dec88e1a-8676-4af7-bb2f-232e7b764f74","0","100","0x85FAE4B5","natives/stm/leveldesign/fsm/chapter3/common_c03_4.scn.20","/MainFlow/c03_4B_Main_0/c03_4B_MainFlow","natives/stm/leveldesign/fsm/chapter3/chapter3_4b/c03_4b_mainflow.fsm.16","natives/stm/leveldesign/flag/chapter3/chapter3_4b/c03_4b_main_200.user.2","c03_4B_Main_LucasCardKeyGet_InWorkRoom","b9f9b409-c6b8-4142-9697-c70f24a7c15b","Asset-linked: scene owner + flat root FSM + scene action UID + gate package + Uvar names; see Markdown for live lookup coverage"
"c03_4C","100","Waiting for: Pazzle Room To Light Candle","31413f2b-5f4d-4283-a9e0-9f0e0bedaee4|0|100","31413f2b-5f4d-4283-a9e0-9f0e0bedaee4","0","100","0x3E3B7166","natives/stm/leveldesign/fsm/chapter3/common_c03_4.scn.20","/MainFlow/c03_4C_Main_0/c03_4C_MainFlow","natives/stm/leveldesign/fsm/chapter3/chapter3_4c/c03_4c_mainflow.fsm.16","natives/stm/leveldesign/flag/chapter3/chapter3_4c/c03_4c_main_200.user.2","c03_4_Main_PazzleRoom_ToLightCandle","48927745-ca9e-4298-9f81-fc590e5727bf","Asset-linked: scene owner + flat root FSM + scene action UID + gate package + Uvar names; see Markdown for live lookup coverage"
"c03_4C","200","Waiting for: Pazzle Room Candle Set Cake","31413f2b-5f4d-4283-a9e0-9f0e0bedaee4|0|200","31413f2b-5f4d-4283-a9e0-9f0e0bedaee4","0","200","0x005028DE","natives/stm/leveldesign/fsm/chapter3/common_c03_4.scn.20","/MainFlow/c03_4C_Main_0/c03_4C_MainFlow","natives/stm/leveldesign/fsm/chapter3/chapter3_4c/c03_4c_mainflow.fsm.16","natives/stm/leveldesign/flag/chapter3/chapter3_4c/c03_4c_main_250.user.2","c03_4_Main_PazzleRoom_CandleSetCake","42eb3e71-9355-4066-a82d-e44d3a4e7580","Asset-linked: scene owner + flat root FSM + scene action UID + gate package + Uvar names; see Markdown for live lookup coverage"
"c03_4C","250","Waiting for: Pazzle Room Failed","31413f2b-5f4d-4283-a9e0-9f0e0bedaee4|0|250","31413f2b-5f4d-4283-a9e0-9f0e0bedaee4","0","250","0x602F2556","natives/stm/leveldesign/fsm/chapter3/common_c03_4.scn.20","/MainFlow/c03_4C_Main_0/c03_4C_MainFlow","natives/stm/leveldesign/fsm/chapter3/chapter3_4c/c03_4c_mainflow.fsm.16","natives/stm/leveldesign/flag/chapter3/chapter3_4c/c03_4c_main_300.user.2","c03_4_Main_PazzleRoom_Failed","74080453-17c3-4621-b728-0e777f7d0c09","Asset-linked: scene owner + flat root FSM + scene action UID + gate package + Uvar names; see Markdown for live lookup coverage"
"c03_4C","300","Waiting for: Pazzle Room Burst Cake Event","31413f2b-5f4d-4283-a9e0-9f0e0bedaee4|0|300","31413f2b-5f4d-4283-a9e0-9f0e0bedaee4","0","300","0xDF806E54","natives/stm/leveldesign/fsm/chapter3/common_c03_4.scn.20","/MainFlow/c03_4C_Main_0/c03_4C_MainFlow","natives/stm/leveldesign/fsm/chapter3/chapter3_4c/c03_4c_mainflow.fsm.16","natives/stm/leveldesign/flag/chapter3/chapter3_4c/c03_4c_main_400.user.2","c03_4_Main_PazzleRoom_BurstCakeEvent","626294f2-dee6-4f24-ad64-32a4f0be260d","Asset-linked: scene owner + flat root FSM + scene action UID + gate package + Uvar names; see Markdown for live lookup coverage"
"c03_4C","400","Waiting for: Pazzle Room Pl Dead Event","31413f2b-5f4d-4283-a9e0-9f0e0bedaee4|0|400","31413f2b-5f4d-4283-a9e0-9f0e0bedaee4","0","400","0xAE7C66F8","natives/stm/leveldesign/fsm/chapter3/common_c03_4.scn.20","/MainFlow/c03_4C_Main_0/c03_4C_MainFlow","natives/stm/leveldesign/fsm/chapter3/chapter3_4c/c03_4c_mainflow.fsm.16","natives/stm/leveldesign/flag/chapter3/chapter3_4c/c03_4c_main_end.user.2","c03_4_Main_PazzleRoom_PlDeadEvent","94b43af8-7a68-490a-baf4-90419dfbc5cd","Asset-linked: scene owner + flat root FSM + scene action UID + gate package + Uvar names; see Markdown for live lookup coverage"
"c03_5","100","Waiting for: 2tume Clank Mawasita","4aa4d676-9b1c-40b9-ab97-c602ca2df7ff|0|100","4aa4d676-9b1c-40b9-ab97-c602ca2df7ff","0","100","0xB755EC6C","natives/stm/leveldesign/fsm/chapter3/common_c03_5.scn.20","/MainFlow/c03_5_Main_0/c03_5_MainFlow","natives/stm/leveldesign/fsm/chapter3/chapter3_5/levelfsm_c03_5.fsm.16","natives/stm/leveldesign/flag/chapter3/chapter3_5/c03_5_main_150.user.2","c03_5_Main_2tumeClankMawasita","9d7892e2-a7cf-4c50-8856-c8c8a72a0312","Asset-linked: scene owner + flat root FSM + scene action UID + gate package + Uvar names; see Markdown for live lookup coverage"
"c03_5","150","Waiting for: Enter The Boat House","4aa4d676-9b1c-40b9-ab97-c602ca2df7ff|0|150","4aa4d676-9b1c-40b9-ab97-c602ca2df7ff","0","150","0x30E613A7","natives/stm/leveldesign/fsm/chapter3/common_c03_5.scn.20","/MainFlow/c03_5_Main_0/c03_5_MainFlow","natives/stm/leveldesign/fsm/chapter3/chapter3_5/levelfsm_c03_5.fsm.16","natives/stm/leveldesign/flag/chapter3/chapter3_5/c03_5_main_175.user.2","c03_5_Main_EnterTheBoatHouse","4dec615b-7bc4-48ec-a67f-d3565252e7dc","Asset-linked: scene owner + flat root FSM + scene action UID + gate package + Uvar names; see Markdown for live lookup coverage"
"c03_5","175","Waiting for: Talk With Captured Zoe Event End","4aa4d676-9b1c-40b9-ab97-c602ca2df7ff|0|175","4aa4d676-9b1c-40b9-ab97-c602ca2df7ff","0","175","0xCB18F69D","natives/stm/leveldesign/fsm/chapter3/common_c03_5.scn.20","/MainFlow/c03_5_Main_0/c03_5_MainFlow","natives/stm/leveldesign/fsm/chapter3/chapter3_5/levelfsm_c03_5.fsm.16","natives/stm/leveldesign/flag/chapter3/chapter3_5/c03_5_main_200.user.2","c03_5_Main_TalkWithCapturedZoeEventEnd","4f1a321e-06b1-42ee-8820-699f2d8c1220","Asset-linked: scene owner + flat root FSM + scene action UID + gate package + Uvar names; see Markdown for live lookup coverage"
"c03_5","200","Waiting for: Give2 Serum Materials Finished","4aa4d676-9b1c-40b9-ab97-c602ca2df7ff|0|200","4aa4d676-9b1c-40b9-ab97-c602ca2df7ff","0","200","0xAFCBA92F","natives/stm/leveldesign/fsm/chapter3/common_c03_5.scn.20","/MainFlow/c03_5_Main_0/c03_5_MainFlow","natives/stm/leveldesign/fsm/chapter3/chapter3_5/levelfsm_c03_5.fsm.16","natives/stm/leveldesign/flag/chapter3/chapter3_5/c03_5_main_250.user.2","c03_5_Main_Give2SerumMaterialsFinished","f33b4bbe-50d3-4b58-8acf-3269de2d2679","Asset-linked: scene owner + flat root FSM + scene action UID + gate package + Uvar names; see Markdown for live lookup coverage"
"c03_5","250","Waiting for: Serum Make Event End","4aa4d676-9b1c-40b9-ab97-c602ca2df7ff|0|250","4aa4d676-9b1c-40b9-ab97-c602ca2df7ff","0","250","0x9730FC5D","natives/stm/leveldesign/fsm/chapter3/common_c03_5.scn.20","/MainFlow/c03_5_Main_0/c03_5_MainFlow","natives/stm/leveldesign/fsm/chapter3/chapter3_5/levelfsm_c03_5.fsm.16","natives/stm/leveldesign/flag/chapter3/chapter3_5/c03_5_main_300.user.2","c03_5_Main_SerumMakeEventEnd","5b704250-3aeb-4551-b935-a9123e7a72fe","Asset-linked: scene owner + flat root FSM + scene action UID + gate package + Uvar names; see Markdown for live lookup coverage"
"c03_5","300","Waiting for: Get Kessei Event End","4aa4d676-9b1c-40b9-ab97-c602ca2df7ff|0|300","4aa4d676-9b1c-40b9-ab97-c602ca2df7ff","0","300","0xFDD30C2E","natives/stm/leveldesign/fsm/chapter3/common_c03_5.scn.20","/MainFlow/c03_5_Main_0/c03_5_MainFlow","natives/stm/leveldesign/fsm/chapter3/chapter3_5/levelfsm_c03_5.fsm.16","natives/stm/leveldesign/flag/chapter3/chapter3_5/c03_5_main_400.user.2","c03_5_Main_GetKesseiEventEnd","2f3f5ec1-c595-4078-a686-118a5a8d1a8f","Asset-linked: scene owner + flat root FSM + scene action UID + gate package + Uvar names; see Markdown for live lookup coverage"
"c03_5","400","Waiting for: Jack Grab Event End","4aa4d676-9b1c-40b9-ab97-c602ca2df7ff|0|400","4aa4d676-9b1c-40b9-ab97-c602ca2df7ff","0","400","0x357C0EB4","natives/stm/leveldesign/fsm/chapter3/common_c03_5.scn.20","/MainFlow/c03_5_Main_0/c03_5_MainFlow","natives/stm/leveldesign/fsm/chapter3/chapter3_5/levelfsm_c03_5.fsm.16","natives/stm/leveldesign/flag/chapter3/chapter3_5/c03_5_main_500.user.2","c03_5_Main_JackGrabEventEnd","2b6fa797-a24d-4604-bffc-b991aec1d004","Asset-linked: scene owner + flat root FSM + scene action UID + gate package + Uvar names; see Markdown for live lookup coverage"
"c03_5","500","Waiting for: Mukade Jack Battle End","4aa4d676-9b1c-40b9-ab97-c602ca2df7ff|0|500","4aa4d676-9b1c-40b9-ab97-c602ca2df7ff","0","500","0xE2AA2D33","natives/stm/leveldesign/fsm/chapter3/common_c03_5.scn.20","/MainFlow/c03_5_Main_0/c03_5_MainFlow","natives/stm/leveldesign/fsm/chapter3/chapter3_5/levelfsm_c03_5.fsm.16","natives/stm/leveldesign/flag/chapter3/chapter3_5/c03_5_main_600.user.2","c03_5_Main_MukadeJackBattleEnd","95cc0879-5f60-4517-b752-54cf79a4782b","Asset-linked: scene owner + flat root FSM + scene action UID + gate package + Uvar names; see Markdown for live lookup coverage"
"c03_5","600","Waiting for: Sanbasi Door Open Event End","4aa4d676-9b1c-40b9-ab97-c602ca2df7ff|0|600","4aa4d676-9b1c-40b9-ab97-c602ca2df7ff","0","600","0x5C53EA95","natives/stm/leveldesign/fsm/chapter3/common_c03_5.scn.20","/MainFlow/c03_5_Main_0/c03_5_MainFlow","natives/stm/leveldesign/fsm/chapter3/chapter3_5/levelfsm_c03_5.fsm.16","natives/stm/leveldesign/flag/chapter3/chapter3_5/c03_5_main_700.user.2","c03_5_Main_SanbasiDoorOpenEventEnd","c1bf483a-19b2-4f69-84c9-6fd5663c1b95","Asset-linked: scene owner + flat root FSM + scene action UID + gate package + Uvar names; see Markdown for live lookup coverage"
"c03_5","700","Waiting for: Start Jack Grab Loop Event","4aa4d676-9b1c-40b9-ab97-c602ca2df7ff|0|700","4aa4d676-9b1c-40b9-ab97-c602ca2df7ff","0","700","0x4AB89E29","natives/stm/leveldesign/fsm/chapter3/common_c03_5.scn.20","/MainFlow/c03_5_Main_0/c03_5_MainFlow","natives/stm/leveldesign/fsm/chapter3/chapter3_5/levelfsm_c03_5.fsm.16","natives/stm/leveldesign/flag/chapter3/chapter3_5/c03_5_main_750.user.2","c03_5_Main_StartJackGrabLoopEvent","9b41dd8e-60af-43e1-9be6-fc978232e42c","Asset-linked: scene owner + flat root FSM + scene action UID + gate package + Uvar names; see Markdown for live lookup coverage"
"c03_5","750","Waiting for: Jack Todome Event End","4aa4d676-9b1c-40b9-ab97-c602ca2df7ff|0|750","4aa4d676-9b1c-40b9-ab97-c602ca2df7ff","0","750","0xDB035732","natives/stm/leveldesign/fsm/chapter3/common_c03_5.scn.20","/MainFlow/c03_5_Main_0/c03_5_MainFlow","natives/stm/leveldesign/fsm/chapter3/chapter3_5/levelfsm_c03_5.fsm.16","natives/stm/leveldesign/flag/chapter3/chapter3_5/c03_5_main_800.user.2","c03_5_Main_JackTodomeEventEnd","43a9b4bb-8b34-49f4-b5bd-8a78cb612134","Asset-linked: scene owner + flat root FSM + scene action UID + gate package + Uvar names; see Markdown for live lookup coverage"
"c03_5","800","Waiting for: Go To Pier","4aa4d676-9b1c-40b9-ab97-c602ca2df7ff|0|800","4aa4d676-9b1c-40b9-ab97-c602ca2df7ff","0","800","0x1B3C2F28","natives/stm/leveldesign/fsm/chapter3/common_c03_5.scn.20","/MainFlow/c03_5_Main_0/c03_5_MainFlow","natives/stm/leveldesign/fsm/chapter3/chapter3_5/levelfsm_c03_5.fsm.16","natives/stm/leveldesign/flag/chapter3/chapter3_5/c03_5_main_900.user.2","c03_5_Main_GoToPier","bd5595c5-7484-4a27-9be8-79068d2b6b68","Asset-linked: scene owner + flat root FSM + scene action UID + gate package + Uvar names; see Markdown for live lookup coverage"
"c03_5","900","Waiting for: Pre Choise Event End","4aa4d676-9b1c-40b9-ab97-c602ca2df7ff|0|900","4aa4d676-9b1c-40b9-ab97-c602ca2df7ff","0","900","0xAF0B3BE2","natives/stm/leveldesign/fsm/chapter3/common_c03_5.scn.20","/MainFlow/c03_5_Main_0/c03_5_MainFlow","natives/stm/leveldesign/fsm/chapter3/chapter3_5/levelfsm_c03_5.fsm.16","natives/stm/leveldesign/flag/chapter3/chapter3_5/c03_5_main_1000.user.2","c03_5_Main_PreChoiseEvent_End","4808a3ca-3497-4090-9a3d-3cd8345d3755","Asset-linked: scene owner + flat root FSM + scene action UID + gate package + Uvar names; see Markdown for live lookup coverage"
"c03_5","1000","Waiting for: Wait Choice Event Loop","4aa4d676-9b1c-40b9-ab97-c602ca2df7ff|0|1000","4aa4d676-9b1c-40b9-ab97-c602ca2df7ff","0","1000","0x93A3DC2B","natives/stm/leveldesign/fsm/chapter3/common_c03_5.scn.20","/MainFlow/c03_5_Main_0/c03_5_MainFlow","natives/stm/leveldesign/fsm/chapter3/chapter3_5/levelfsm_c03_5.fsm.16","natives/stm/leveldesign/flag/chapter3/chapter3_5/c03_5_main_1200.user.2","c03_5_Main_WaitChoiceEventLoop","8e01f789-4f80-4524-a7b7-4f35496724ca","Asset-linked: scene owner + flat root FSM + scene action UID + gate package + Uvar names; see Markdown for live lookup coverage"
"c03_5","1200","Waiting for: Boat Escape Event End","4aa4d676-9b1c-40b9-ab97-c602ca2df7ff|0|1200","4aa4d676-9b1c-40b9-ab97-c602ca2df7ff","0","1200","0x353BBDCD","natives/stm/leveldesign/fsm/chapter3/common_c03_5.scn.20","/MainFlow/c03_5_Main_0/c03_5_MainFlow","natives/stm/leveldesign/fsm/chapter3/chapter3_5/levelfsm_c03_5.fsm.16","natives/stm/leveldesign/flag/chapter3/chapter3_5/c03_5_main_end.user.2","c03_5_Main_BoatEscapeEventEnd","8d1648e7-c640-407c-9413-a5b109b05459","Asset-linked: scene owner + flat root FSM + scene action UID + gate package + Uvar names; see Markdown for live lookup coverage"
"c04_1","25","Waiting for: Flash Back1 Event Line A","b9945070-2181-432d-9621-c182f0cc5803|0|25","b9945070-2181-432d-9621-c182f0cc5803","0","25","0x5B462921","natives/stm/leveldesign/fsm/chapter4/chapter4_1/levelfsm_c04_1.scn.20","/MainFlow/c04_1_Main_0/c04_1_MainFlow","natives/stm/leveldesign/fsm/chapter4/chapter4_1/c04_1_mainflow.fsm.16","natives/stm/leveldesign/flag/chapter4/chapter4_1/c04_01_main_50.user.2","C04_1_Main_FlashBack1EventLineA","01de4aeb-3d77-4ff2-89ea-38adaac43856","Asset-linked: scene owner + flat root FSM + scene action UID + gate package + Uvar names; see Markdown for live lookup coverage"
"c04_1","50","Waiting for: Workshop Room Enter","b9945070-2181-432d-9621-c182f0cc5803|0|50","b9945070-2181-432d-9621-c182f0cc5803","0","50","0x80833B2A","natives/stm/leveldesign/fsm/chapter4/chapter4_1/levelfsm_c04_1.scn.20","/MainFlow/c04_1_Main_0/c04_1_MainFlow","natives/stm/leveldesign/fsm/chapter4/chapter4_1/c04_1_mainflow.fsm.16","natives/stm/leveldesign/flag/chapter4/chapter4_1/c04_01_main_100.user.2","c04_1_WorkshopRoomEnter","15b905fb-525c-4310-9b0f-c18f2e6f25ff","Asset-linked: scene owner + flat root FSM + scene action UID + gate package + Uvar names; see Markdown for live lookup coverage"
"c04_1","100","Waiting for: Flash Back3 Event Line D","b9945070-2181-432d-9621-c182f0cc5803|0|100","b9945070-2181-432d-9621-c182f0cc5803","0","100","0x504FD40E","natives/stm/leveldesign/fsm/chapter4/chapter4_1/levelfsm_c04_1.scn.20","/MainFlow/c04_1_Main_0/c04_1_MainFlow","natives/stm/leveldesign/fsm/chapter4/chapter4_1/c04_1_mainflow.fsm.16","natives/stm/leveldesign/flag/chapter4/chapter4_1/c04_01_main_200.user.2","c04_1_Main_FlashBack3EventLineD","63cfc89b-3731-4ee3-a85a-e59a78b8b167","Asset-linked: scene owner + flat root FSM + scene action UID + gate package + Uvar names; see Markdown for live lookup coverage"
"c04_1","200","Waiting for: Evelyn Door Close Event End","b9945070-2181-432d-9621-c182f0cc5803|0|200","b9945070-2181-432d-9621-c182f0cc5803","0","200","0x98F8A167","natives/stm/leveldesign/fsm/chapter4/chapter4_1/levelfsm_c04_1.scn.20","/MainFlow/c04_1_Main_0/c04_1_MainFlow","natives/stm/leveldesign/fsm/chapter4/chapter4_1/c04_1_mainflow.fsm.16","natives/stm/leveldesign/flag/chapter4/chapter4_1/c04_01_main_210.user.2","c04_1_Main_EvelynDoorCloseEventEnd","39b1359b-905a-4cf1-bd09-d813bc9e67cf","Asset-linked: scene owner + flat root FSM + scene action UID + gate package + Uvar names; see Markdown for live lookup coverage"
"c04_1","210","Waiting for: 3 FSecurity Room Enter","b9945070-2181-432d-9621-c182f0cc5803|0|210","b9945070-2181-432d-9621-c182f0cc5803","0","210","0x94042E2A","natives/stm/leveldesign/fsm/chapter4/chapter4_1/levelfsm_c04_1.scn.20","/MainFlow/c04_1_Main_0/c04_1_MainFlow","natives/stm/leveldesign/fsm/chapter4/chapter4_1/c04_1_mainflow.fsm.16","natives/stm/leveldesign/flag/chapter4/chapter4_1/c04_01_main_300.user.2","c04_1_Main_3FSecurityRoomEnter","1e48eea7-1cef-4b14-8c12-0b7cb9920832","Asset-linked: scene owner + flat root FSM + scene action UID + gate package + Uvar names; see Markdown for live lookup coverage"
"c04_1","300","Waiting for: Video Tape In Deck","b9945070-2181-432d-9621-c182f0cc5803|0|300","b9945070-2181-432d-9621-c182f0cc5803","0","300","0x088E5A62","natives/stm/leveldesign/fsm/chapter4/chapter4_1/levelfsm_c04_1.scn.20","/MainFlow/c04_1_Main_0/c04_1_MainFlow","natives/stm/leveldesign/fsm/chapter4/chapter4_1/c04_1_mainflow.fsm.16","natives/stm/leveldesign/flag/chapter4/chapter4_1/c04_01_main_350.user.2","c04_1_Main_VideoTapeInDeck","4ccc6408-ec00-4ad9-9ad4-019fa227526d","Asset-linked: scene owner + flat root FSM + scene action UID + gate package + Uvar names; see Markdown for live lookup coverage"
"c04_1","350","Waiting for: Video Play FF","b9945070-2181-432d-9621-c182f0cc5803|0|350","b9945070-2181-432d-9621-c182f0cc5803","0","350","0xF3E6B771","natives/stm/leveldesign/fsm/chapter4/chapter4_1/levelfsm_c04_1.scn.20","/MainFlow/c04_1_Main_0/c04_1_MainFlow","natives/stm/leveldesign/fsm/chapter4/chapter4_1/c04_1_mainflow.fsm.16","natives/stm/leveldesign/flag/chapter4/chapter4_1/c04_01_main_400.user.2","c04_1_Main_VideoPlayFF","955465a4-fc9e-4fbd-b8d0-d997d0ee490f","Asset-linked: scene owner + flat root FSM + scene action UID + gate package + Uvar names; see Markdown for live lookup coverage"
"c04_1","400","Waiting for: Video Evelyn Event End","b9945070-2181-432d-9621-c182f0cc5803|0|400","b9945070-2181-432d-9621-c182f0cc5803","0","400","0x4E3928F5","natives/stm/leveldesign/fsm/chapter4/chapter4_1/levelfsm_c04_1.scn.20","/MainFlow/c04_1_Main_0/c04_1_MainFlow","natives/stm/leveldesign/fsm/chapter4/chapter4_1/c04_1_mainflow.fsm.16","natives/stm/leveldesign/flag/chapter4/chapter4_1/c04_01_main_500.user.2","c04_1_Main_VideoEvelynEventEnd","8a4e3652-ab64-4180-bf39-42668534be3b","Asset-linked: scene owner + flat root FSM + scene action UID + gate package + Uvar names; see Markdown for live lookup coverage"
"c04_1","500","Waiting for: Elevator Get Inside","b9945070-2181-432d-9621-c182f0cc5803|0|500","b9945070-2181-432d-9621-c182f0cc5803","0","500","0x10227DBC","natives/stm/leveldesign/fsm/chapter4/chapter4_1/levelfsm_c04_1.scn.20","/MainFlow/c04_1_Main_0/c04_1_MainFlow","natives/stm/leveldesign/fsm/chapter4/chapter4_1/c04_1_mainflow.fsm.16","natives/stm/leveldesign/flag/chapter4/chapter4_1/c04_01_main_600.user.2","c04_1_Main_ElevatorGetInside","a5ce782e-f518-48fb-a27a-09cf22a5fc59","Asset-linked: scene owner + flat root FSM + scene action UID + gate package + Uvar names; see Markdown for live lookup coverage"
"c04_1","600","Waiting for: Elevator Move","b9945070-2181-432d-9621-c182f0cc5803|0|600","b9945070-2181-432d-9621-c182f0cc5803","0","600","0xB46DD16A","natives/stm/leveldesign/fsm/chapter4/chapter4_1/levelfsm_c04_1.scn.20","/MainFlow/c04_1_Main_0/c04_1_MainFlow","natives/stm/leveldesign/fsm/chapter4/chapter4_1/c04_1_mainflow.fsm.16","natives/stm/leveldesign/flag/chapter4/chapter4_1/c04_01_main_800.user.2","c04_1_Main_ElevatorMove","c44b2beb-34c1-4547-99ab-20ab9694da43","Asset-linked: scene owner + flat root FSM + scene action UID + gate package + Uvar names; see Markdown for live lookup coverage"
"c04_1","800","Waiting for: B2 Area Enter","b9945070-2181-432d-9621-c182f0cc5803|0|800","b9945070-2181-432d-9621-c182f0cc5803","0","800","0x0D8994DA","natives/stm/leveldesign/fsm/chapter4/chapter4_1/levelfsm_c04_1.scn.20","/MainFlow/c04_1_Main_0/c04_1_MainFlow","natives/stm/leveldesign/fsm/chapter4/chapter4_1/c04_1_mainflow.fsm.16","natives/stm/leveldesign/flag/chapter4/chapter4_1/c04_01_main_900.user.2","c04_1_Main_B2AreaEnter","219d0e3a-5847-4a96-88b3-70c2fb61e1f4","Asset-linked: scene owner + flat root FSM + scene action UID + gate package + Uvar names; see Markdown for live lookup coverage"
"c04_1","900","Waiting for: Eveline Event End","b9945070-2181-432d-9621-c182f0cc5803|0|900","b9945070-2181-432d-9621-c182f0cc5803","0","900","0x4BB3CECA","natives/stm/leveldesign/fsm/chapter4/chapter4_1/levelfsm_c04_1.scn.20","/MainFlow/c04_1_Main_0/c04_1_MainFlow","natives/stm/leveldesign/fsm/chapter4/chapter4_1/c04_1_mainflow.fsm.16","natives/stm/leveldesign/flag/chapter4/chapter4_1/c04_01_main_950.user.2","c04_1_Main_EvelineEventEnd","0ca972a8-0131-4284-8ad6-0a1699b68362","Asset-linked: scene owner + flat root FSM + scene action UID + gate package + Uvar names; see Markdown for live lookup coverage"
"c04_1","950","Waiting for: Help Out Ethan Start","b9945070-2181-432d-9621-c182f0cc5803|0|950","b9945070-2181-432d-9621-c182f0cc5803","0","950","0x7A4AE732","natives/stm/leveldesign/fsm/chapter4/chapter4_1/levelfsm_c04_1.scn.20","/MainFlow/c04_1_Main_0/c04_1_MainFlow","natives/stm/leveldesign/fsm/chapter4/chapter4_1/c04_1_mainflow.fsm.16","natives/stm/leveldesign/flag/chapter4/chapter4_1/c04_01_main_1000.user.2","c04_1_Main_HelpOutEthanStart","009bee9a-5c9f-49b7-abd7-47210d48178e","Asset-linked: scene owner + flat root FSM + scene action UID + gate package + Uvar names; see Markdown for live lookup coverage"
"c04_1","1000","Waiting for: Help Out Ethan End","b9945070-2181-432d-9621-c182f0cc5803|0|1000","b9945070-2181-432d-9621-c182f0cc5803","0","1000","0x28FC92C9","natives/stm/leveldesign/fsm/chapter4/chapter4_1/levelfsm_c04_1.scn.20","/MainFlow/c04_1_Main_0/c04_1_MainFlow","natives/stm/leveldesign/fsm/chapter4/chapter4_1/c04_1_mainflow.fsm.16","natives/stm/leveldesign/flag/chapter4/chapter4_1/c04_01_main_end.user.2","c04_1_Main_HelpOutEthanEnd","75171c12-4dc5-49d4-895b-a1fe72273702","Asset-linked: scene owner + flat root FSM + scene action UID + gate package + Uvar names; see Markdown for live lookup coverage"
"c04_2","100","Waiting for: Chap4-2 Event End","74f1bc98-9572-488c-ad22-c2b47d31c5e8|0|100","74f1bc98-9572-488c-ad22-c2b47d31c5e8","0","100","0xA719DBEE","natives/stm/leveldesign/fsm/chapter4/chapter4_2/levelfsm_c04_2.scn.20","/MainFlow/c04_2_Main_0/c04_2_MainFlow","natives/stm/leveldesign/fsm/chapter4/chapter4_2/c04_2_mainflow.fsm.16","natives/stm/leveldesign/flag/chapter4/chapter4_2/c04_2_main_150.user.2","c04_2_Main_Chap4-2EventEnd","5de0d07b-46a6-4c0a-8c4e-94fba42803f3","Asset-linked: scene owner + flat root FSM + scene action UID + gate package + Uvar names; see Markdown for live lookup coverage"
"c04_2","150","Waiting for: Mia Battle End","74f1bc98-9572-488c-ad22-c2b47d31c5e8|0|150","74f1bc98-9572-488c-ad22-c2b47d31c5e8","0","150","0x90DFAF31","natives/stm/leveldesign/fsm/chapter4/chapter4_2/levelfsm_c04_2.scn.20","/MainFlow/c04_2_Main_0/c04_2_MainFlow","natives/stm/leveldesign/fsm/chapter4/chapter4_2/c04_2_mainflow.fsm.16","natives/stm/leveldesign/flag/chapter4/chapter4_2/c04_2_main_200.user.2","c04_2_Main_MiaBattleEnd","807a2f20-9148-47c8-af58-462e19021a51","Asset-linked: scene owner + flat root FSM + scene action UID + gate package + Uvar names; see Markdown for live lookup coverage"
"c04_2","200","Waiting for: Rock Salt Doom Lift Down","74f1bc98-9572-488c-ad22-c2b47d31c5e8|0|200","74f1bc98-9572-488c-ad22-c2b47d31c5e8","0","200","0xFF201D5B","natives/stm/leveldesign/fsm/chapter4/chapter4_2/levelfsm_c04_2.scn.20","/MainFlow/c04_2_Main_0/c04_2_MainFlow","natives/stm/leveldesign/fsm/chapter4/chapter4_2/c04_2_mainflow.fsm.16","natives/stm/leveldesign/flag/chapter4/chapter4_2/c04_2_main_300.user.2","c04_2_Main_RockSaltDoomLiftDown","8420dd53-0f5f-4d24-8cc2-1dec5d713436","Asset-linked: scene owner + flat root FSM + scene action UID + gate package + Uvar names; see Markdown for live lookup coverage"
"c04_2","300","Waiting for: Study Area Enter","74f1bc98-9572-488c-ad22-c2b47d31c5e8|0|300","74f1bc98-9572-488c-ad22-c2b47d31c5e8","0","300","0x739007A5","natives/stm/leveldesign/fsm/chapter4/chapter4_2/levelfsm_c04_2.scn.20","/MainFlow/c04_2_Main_0/c04_2_MainFlow","natives/stm/leveldesign/fsm/chapter4/chapter4_2/c04_2_mainflow.fsm.16","natives/stm/leveldesign/flag/chapter4/chapter4_2/c04_2_main_400.user.2","c04_2_Main_StudyAreaEnter","b943513c-9a7f-4ce9-bdcf-9d90082240f9","Asset-linked: scene owner + flat root FSM + scene action UID + gate package + Uvar names; see Markdown for live lookup coverage"
"c04_2","400","Waiting for: Spiral Area Enter","74f1bc98-9572-488c-ad22-c2b47d31c5e8|0|400","74f1bc98-9572-488c-ad22-c2b47d31c5e8","0","400","0xF7C24738","natives/stm/leveldesign/fsm/chapter4/chapter4_2/levelfsm_c04_2.scn.20","/MainFlow/c04_2_Main_0/c04_2_MainFlow","natives/stm/leveldesign/fsm/chapter4/chapter4_2/c04_2_mainflow.fsm.16","natives/stm/leveldesign/flag/chapter4/chapter4_2/c04_2_main_450.user.2","c04_2_Main_SpiralAreaEnter","c651a277-8b20-4998-a09f-0269db1cd08a","Asset-linked: scene owner + flat root FSM + scene action UID + gate package + Uvar names; see Markdown for live lookup coverage"
"c04_2","450","Waiting for: Eveline Hide","74f1bc98-9572-488c-ad22-c2b47d31c5e8|0|450","74f1bc98-9572-488c-ad22-c2b47d31c5e8","0","450","0xD6BC865B","natives/stm/leveldesign/fsm/chapter4/chapter4_2/levelfsm_c04_2.scn.20","/MainFlow/c04_2_Main_0/c04_2_MainFlow","natives/stm/leveldesign/fsm/chapter4/chapter4_2/c04_2_mainflow.fsm.16","natives/stm/leveldesign/flag/chapter4/chapter4_2/c04_2_main_500.user.2","c04_2_Main_EvelineHide","352cd6db-6fc1-4f0b-8180-be748e5d523f","Asset-linked: scene owner + flat root FSM + scene action UID + gate package + Uvar names; see Markdown for live lookup coverage"
"c04_2","500","Waiting for: Rock Salt Doom Exit","74f1bc98-9572-488c-ad22-c2b47d31c5e8|0|500","74f1bc98-9572-488c-ad22-c2b47d31c5e8","0","500","0x5DE19E38","natives/stm/leveldesign/fsm/chapter4/chapter4_2/levelfsm_c04_2.scn.20","/MainFlow/c04_2_Main_0/c04_2_MainFlow","natives/stm/leveldesign/fsm/chapter4/chapter4_2/c04_2_mainflow.fsm.16","natives/stm/leveldesign/flag/chapter4/chapter4_2/c04_2_main_end.user.2","c04_2_Main_RockSaltDoomExit","7543dfe3-dc47-4afb-9506-79f18ae5a495","Asset-linked: scene owner + flat root FSM + scene action UID + gate package + Uvar names; see Markdown for live lookup coverage"
"c04_2","800","Waiting for: Rock Salt Doom Exit","74f1bc98-9572-488c-ad22-c2b47d31c5e8|0|800","74f1bc98-9572-488c-ad22-c2b47d31c5e8","0","800","0x21CEFF63","natives/stm/leveldesign/fsm/chapter4/chapter4_2/levelfsm_c04_2.scn.20","/MainFlow/c04_2_Main_0/c04_2_MainFlow","natives/stm/leveldesign/fsm/chapter4/chapter4_2/c04_2_mainflow.fsm.16","natives/stm/leveldesign/flag/chapter4/chapter4_2/c04_2_main_end.user.2","c04_2_Main_RockSaltDoomExit","7543dfe3-dc47-4afb-9506-79f18ae5a495","Asset-linked: scene owner + flat root FSM + scene action UID + gate package + Uvar names; see Markdown for live lookup coverage"
"c04_3","10","Waiting for: FB1 Play End","0cd1594b-ed5d-4146-9bac-cd682a5250a8|0|10","0cd1594b-ed5d-4146-9bac-cd682a5250a8","0","10","0x2C205779","natives/stm/leveldesign/fsm/chapter4/chapter4_3/levelfsm_c04_3.scn.20","/MainFlow/c04_3_Main_0/c04_3_Main","natives/stm/leveldesign/fsm/chapter4/chapter4_3/c04_3_mainflow.fsm.16","natives/stm/leveldesign/flag/chapter4/chapter4_3/c04_3_main_20.user.2","c04_3_Main_FB1PlayEnd","3f403d5f-6178-4268-b1ab-165b348bdb7d","Asset-linked: scene owner + flat root FSM + scene action UID + gate package + Uvar names; see Markdown for live lookup coverage"
"c04_3","20","Waiting for: FB2 Play End","0cd1594b-ed5d-4146-9bac-cd682a5250a8|0|20","0cd1594b-ed5d-4146-9bac-cd682a5250a8","0","20","0x8E34EEA5","natives/stm/leveldesign/fsm/chapter4/chapter4_3/levelfsm_c04_3.scn.20","/MainFlow/c04_3_Main_0/c04_3_Main","natives/stm/leveldesign/fsm/chapter4/chapter4_3/c04_3_mainflow.fsm.16","natives/stm/leveldesign/flag/chapter4/chapter4_3/c04_3_main_30.user.2","c04_3_Main_FB2PlayEnd","c4d02eaa-4669-4230-a735-98db524e5088","Asset-linked: scene owner + flat root FSM + scene action UID + gate package + Uvar names; see Markdown for live lookup coverage"
"c04_3","30","Waiting for: FB3 Play End","0cd1594b-ed5d-4146-9bac-cd682a5250a8|0|30","0cd1594b-ed5d-4146-9bac-cd682a5250a8","0","30","0xCA0DDAE3","natives/stm/leveldesign/fsm/chapter4/chapter4_3/levelfsm_c04_3.scn.20","/MainFlow/c04_3_Main_0/c04_3_Main","natives/stm/leveldesign/fsm/chapter4/chapter4_3/c04_3_mainflow.fsm.16","natives/stm/leveldesign/flag/chapter4/chapter4_3/c04_3_main_40.user.2","c04_3_Main_FB3PlayEnd","28aa65ae-6e4b-4626-91df-46d9e04f86e7","Asset-linked: scene owner + flat root FSM + scene action UID + gate package + Uvar names; see Markdown for live lookup coverage"
"c04_3","40","Waiting for: Evelyn Anger Event End","0cd1594b-ed5d-4146-9bac-cd682a5250a8|0|40","0cd1594b-ed5d-4146-9bac-cd682a5250a8","0","40","0xCED5669B","natives/stm/leveldesign/fsm/chapter4/chapter4_3/levelfsm_c04_3.scn.20","/MainFlow/c04_3_Main_0/c04_3_Main","natives/stm/leveldesign/fsm/chapter4/chapter4_3/c04_3_mainflow.fsm.16","natives/stm/leveldesign/flag/chapter4/chapter4_3/c04_3_main_50.user.2","c04_3_Main_EvelynAngerEventEnd　","8061c9db-6116-4e83-a4ba-060819ab7520","Asset-linked: scene owner + flat root FSM + scene action UID + gate package + Uvar names; see Markdown for live lookup coverage"
"c04_3","50","Waiting for: Last Boss Battle Start","0cd1594b-ed5d-4146-9bac-cd682a5250a8|0|50","0cd1594b-ed5d-4146-9bac-cd682a5250a8","0","50","0x008AAF9C","natives/stm/leveldesign/fsm/chapter4/chapter4_3/levelfsm_c04_3.scn.20","/MainFlow/c04_3_Main_0/c04_3_Main","natives/stm/leveldesign/fsm/chapter4/chapter4_3/c04_3_mainflow.fsm.16","natives/stm/leveldesign/flag/chapter4/chapter4_3/c04_3_main_100.user.2","c04_3_Main_LastBossBattleStart","2ea1d2d9-1f47-4bbe-88ec-d6cd4c64a246","Asset-linked: scene owner + flat root FSM + scene action UID + gate package + Uvar names; see Markdown for live lookup coverage"
"c04_3","100","Waiting for: Las Boss Battle End","0cd1594b-ed5d-4146-9bac-cd682a5250a8|0|100","0cd1594b-ed5d-4146-9bac-cd682a5250a8","0","100","0x9B78E3D6","natives/stm/leveldesign/fsm/chapter4/chapter4_3/levelfsm_c04_3.scn.20","/MainFlow/c04_3_Main_0/c04_3_Main","natives/stm/leveldesign/fsm/chapter4/chapter4_3/c04_3_mainflow.fsm.16","natives/stm/leveldesign/flag/chapter4/chapter4_3/c04_3_main_600.user.2","c04_3_Main_LasBossBattleEnd","6eae91d6-84e6-4a0d-92f9-aa85323b8397","Asset-linked: scene owner + flat root FSM + scene action UID + gate package + Uvar names; see Markdown for live lookup coverage"
"c04_3","600","Waiting for: Branch Event End","0cd1594b-ed5d-4146-9bac-cd682a5250a8|0|600","0cd1594b-ed5d-4146-9bac-cd682a5250a8","0","600","0x552CC1D8","natives/stm/leveldesign/fsm/chapter4/chapter4_3/levelfsm_c04_3.scn.20","/MainFlow/c04_3_Main_0/c04_3_Main","natives/stm/leveldesign/fsm/chapter4/chapter4_3/c04_3_mainflow.fsm.16","natives/stm/leveldesign/flag/chapter4/chapter4_3/c04_3_main_650.user.2","c04_3_Main_BranchEventEnd","ef276132-1470-4ddf-9f4f-16e9d9b66de9","Asset-linked: scene owner + flat root FSM + scene action UID + gate package + Uvar names; see Markdown for live lookup coverage"
