"DebugModeEnabled",FALSE,"Requires re7:debugger + this checkbox. The table fully replaces recipes; normal recipe options are ignored.","","","","","","","","","","",""
"Edit original DataIDs or add unique new ones. Disabled/deleted rows are omitted. Sheet row order sets recipe priority.","","","","","","","","","","","","",""
"ShowInUI groups by ResultItemID (max 20). Any checked variant shows that result. UIOrder: smaller first; blank = sheet order. Empty EnableFlag = unlocked.","","","","","","","","","","","","",""
"Enabled","ShowInUI","DataID","SrcItemID1","SrcItemNum1","SrcItemID2","SrcItemNum2","ResultItemID","ResultItemNum","UIOrder","EnableFlag","IsTutorialTarget","IsTrophyTarget","Comment"
TRUE,FALSE,"Burner","BurnerPartsA","1","BurnerPartsB","1","Burner","1","","",FALSE,FALSE,"ハンドメイドのバーナー"
TRUE,TRUE,"RemedyM","Herb","1","ChemicalS","1","RemedyM","1","1","",TRUE,TRUE,"回復薬"
TRUE,TRUE,"RemedyL","Herb","1","ChemicalM","1","RemedyL","1","5","",TRUE,TRUE,"回復薬（強）"
TRUE,TRUE,"EyeDrops","Flower","1","ChemicalS","1","EyeDrops","1","4","",TRUE,TRUE,"精神刺激薬（旧目薬弱）"
TRUE,TRUE,"FlameBulletS","Alcohol","1","ChemicalM","1","FlameBulletS","2","7","",TRUE,TRUE,"火炎弾（弱）"
TRUE,TRUE,"AcidBulletS","Flower","1","ChemicalM","1","AcidBulletS","2","8","",TRUE,TRUE,"神経弾（旧硫酸弾）"
TRUE,TRUE,"BurnerBullet","Alcohol","1","ChemicalS","1","BurnerBullet","100","3","",TRUE,TRUE,"燃料(100)"
TRUE,FALSE,"RemedySeparate","RemedyM","1","ChemicalL","1","ChemicalS","1","","",FALSE,FALSE,"回復薬分離"
TRUE,FALSE,"EyeDropsSeparate","EyeDrops","1","ChemicalL","1","ChemicalS","1","","",FALSE,FALSE,"向神経薬分離"
TRUE,FALSE,"BurnerBulletSeparate","BurnerBullet","100","ChemicalL","1","ChemicalS","1","","",TRUE,FALSE,"燃料（100）分離"
TRUE,FALSE,"RemedyLSeparate","RemedyL","1","ChemicalL","1","ChemicalM","1","","",TRUE,FALSE,"回復薬（強）分離"
TRUE,FALSE,"FlameBulletSeparate","FlameBulletS","1","ChemicalL","1","ChemicalM","1","","",FALSE,FALSE,"焼夷弾分離"
TRUE,FALSE,"AcidBulletSeparate","AcidBulletS","1","ChemicalL","1","ChemicalM","1","","",FALSE,FALSE,"神経弾分離"
TRUE,TRUE,"HandgunBulletL","Gunpowder","1","ChemicalM","1","HandgunBulletL","10","6","",TRUE,TRUE,"強装弾"
TRUE,FALSE,"DybbukMedicine","SerumMaterialA","1","SerumMaterialB","1","DybbukMedicine","1","","eab670f7-4475-4258-b900-cbe91664c9a3",TRUE,FALSE,"血清"
TRUE,FALSE,"TreasureMap02","TreasureMap02A","1","TreasureMap02B","1","TreasureMap02","1","","",TRUE,FALSE,"宝の地図02"
TRUE,FALSE,"TreasureMap03","TreasureMap03A","1","TreasureMap03B","1","TreasureMap03","1","","",TRUE,FALSE,"宝の地図03"
TRUE,FALSE,"Handgun_M19","RepairKit","1","BrokenHandgun_M19","1","Handgun_M19","1","","",FALSE,FALSE,"壊れハンドガン修理"
TRUE,FALSE,"Shotgun_M37","RepairKit","1","BrokenShotgun_DB","1","Shotgun_DB","1","","",FALSE,FALSE,"壊れショットガン修理"
TRUE,TRUE,"HandgunBullet","Gunpowder","1","ChemicalS","1","HandgunBullet","10","2","",TRUE,TRUE,"ハンドガンの弾"
TRUE,FALSE,"HandgunBulletSeparate","HandgunBullet","10","ChemicalL","1","ChemicalS","1","","",FALSE,FALSE,"ハンドガンの弾分離"
TRUE,FALSE,"HandgunBulletLSeparate","HandgunBulletL","10","ChemicalL","1","ChemicalM","1","","",FALSE,FALSE,"強装弾分離"
TRUE,TRUE,"HandgunBulletL2","HandgunBullet","10","Gunpowder","1","HandgunBulletL","5","6","",FALSE,FALSE,"隠し強装弾"
